{"type":"FeatureCollection", "features": [
{"type":"Feature","geometry":{"type":"Polygon","coordinates":[[[93.0447,23.4105],[93.0462,23.6662],[93.2068,24.047],[92.9759,24.1158],[93.0095,24.4127],[92.8963,24.3907],[92.8474,24.0264],[92.6272,23.9536],[92.6731,23.383],[92.6899,23.328],[92.881,23.5191],[93.0447,23.4105]]]},"properties":{"district":"Aizawl","dt_code":"261","st_nm":"Mizoram","st_code":"15","year":"2011_c"}},
{"type":"Feature","geometry":{"type":"MultiPolygon","coordinates":[[[[93.0462,23.6662],[93.2786,23.658],[93.3903,23.4971],[93.3964,23.9261],[93.2526,24.0209],[93.2068,24.047],[93.0462,23.6662]]],[[[93.1961,23.0558],[93.3581,23.3308],[93.0416,23.3074],[93.1961,23.0558]]]]},"properties":{"district":"Champhai","dt_code":"262","st_nm":"Mizoram","st_code":"15","year":"2011_c"}},
{"type":"Feature","geometry":{"type":"Polygon","coordinates":[[[92.8963,24.3907],[92.7618,24.5131],[92.5324,24.1776],[92.6272,23.9536],[92.8474,24.0264],[92.8963,24.3907]]]},"properties":{"district":"Kolasib","dt_code":"263","st_nm":"Mizoram","st_code":"15","year":"2011_c"}},
{"type":"Feature","geometry":{"type":"Polygon","coordinates":[[[92.9346,22.5541],[92.7556,22.5417],[92.5094,22.741],[92.6058,22.1238],[92.855,22.0633],[92.826,22.33],[92.9346,22.5541]]]},"properties":{"district":"Lawngtlai","dt_code":"264","st_nm":"Mizoram","st_code":"15","year":"2011_c"}},
{"type":"Feature","geometry":{"type":"Polygon","coordinates":[[[92.6731,23.383],[92.4024,23.2662],[92.3718,22.9362],[92.5094,22.741],[92.7556,22.5417],[92.9346,22.5541],[92.9208,22.7809],[92.8642,23.1754],[92.6899,23.328],[92.6731,23.383]]]},"properties":{"district":"Lunglei","dt_code":"265","st_nm":"Mizoram","st_code":"15","year":"2011_c"}},
{"type":"Feature","geometry":{"type":"Polygon","coordinates":[[[92.6272,23.9536],[92.5324,24.1776],[92.4223,24.2505],[92.2954,24.245],[92.2648,23.7267],[92.4024,23.2662],[92.6731,23.383],[92.6272,23.9536]]]},"properties":{"district":"Mamit","dt_code":"266","st_nm":"Mizoram","st_code":"15","year":"2011_c"}},
{"type":"Feature","geometry":{"type":"Polygon","coordinates":[[[92.855,22.0633],[93.1609,22.1801],[93.1884,22.4248],[93.0967,22.7864],[92.9208,22.7809],[92.9346,22.5541],[92.826,22.33],[92.855,22.0633]]]},"properties":{"district":"Saiha","dt_code":"267","st_nm":"Mizoram","st_code":"15","year":"2011_c"}},
{"type":"Feature","geometry":{"type":"Polygon","coordinates":[[[92.6899,23.328],[92.8642,23.1754],[93.1227,23.0063],[93.1961,23.0558],[93.0416,23.3074],[93.0447,23.4105],[92.881,23.5191],[92.6899,23.328]]]},"properties":{"district":"Serchhip","dt_code":"268","st_nm":"Mizoram","st_code":"15","year":"2011_c"}},
{"type":"Feature","geometry":{"type":"Polygon","coordinates":[[[93.0447,23.4105],[93.0416,23.3074],[93.3581,23.3308],[93.3903,23.4971],[93.2786,23.658],[93.0462,23.6662],[93.0447,23.4105]]]},"properties":{"district":"Khawzawl","dt_code":"996","st_nm":"Mizoram","st_code":"15","year":"2019"}},
{"type":"Feature","geometry":{"type":"Polygon","coordinates":[[[92.9208,22.7809],[93.0967,22.7864],[93.1227,23.0063],[92.8642,23.1754],[92.9208,22.7809]]]},"properties":{"district":"Hnahthial","dt_code":"994","st_nm":"Mizoram","st_code":"15","year":"2019"}},
{"type":"Feature","geometry":{"type":"Polygon","coordinates":[[[80.1276,13.0339],[80.3004,13.1425],[80.2683,13.5645],[80.0374,13.5384],[79.9456,13.3638],[79.5343,13.2758],[79.2835,13.1232],[79.7361,13.1672],[79.7897,13.0243],[80.0802,13.016],[80.1276,13.0339]]]},"properties":{"district":"Thiruvallur","dt_code":"602","st_nm":"Tamil Nadu","st_code":"33","year":"2011_c"}},
{"type":"Feature","geometry":{"type":"Polygon","coordinates":[[[80.1276,13.0339],[80.2499,12.8579],[80.3004,13.1425],[80.1276,13.0339]]]},"properties":{"district":"Chennai","dt_code":"603","st_nm":"Tamil Nadu","st_code":"33","year":"2018"}},
{"type":"Feature","geometry":{"type":"Polygon","coordinates":[[[78.4119,12.627],[78.2314,12.7603],[77.8659,12.8703],[77.8308,12.8662],[77.6014,12.6682],[77.6152,12.3671],[77.4714,12.2434],[77.7467,12.1554],[78.0112,12.5032],[78.4715,12.1733],[78.6321,12.176],[78.6474,12.2585],[78.4363,12.3946],[78.4119,12.627]]]},"properties":{"district":"Krishnagiri","dt_code":"631","st_nm":"Tamil Nadu","st_code":"33","year":"2011_c"}},
{"type":"Feature","geometry":{"type":"Polygon","coordinates":[[[78.6321,12.176],[78.7177,11.9836],[78.9593,12.0688],[79.1719,12.0303],[79.2315,12.4427],[79.6398,12.3451],[79.7438,12.5321],[79.7453,12.7438],[79.5603,12.8538],[79.4502,12.6709],[79.2086,12.785],[78.8584,12.6338],[78.6474,12.2585],[78.6321,12.176]]]},"properties":{"district":"Tiruvannamalai","dt_code":"606","st_nm":"Tamil Nadu","st_code":"33","year":"2011_c"}},
{"type":"Feature","geometry":{"type":"Polygon","coordinates":[[[77.7467,12.1554],[77.6763,11.9519],[77.9715,11.8956],[78.2345,11.9794],[78.4822,11.8172],[78.6275,11.8695],[78.7177,11.9836],[78.6321,12.176],[78.4715,12.1733],[78.0112,12.5032],[77.7467,12.1554]]]},"properties":{"district":"Dharmapuri","dt_code":"630","st_nm":"Tamil Nadu","st_code":"33","year":"2011_c"}},
{"type":"Feature","geometry":{"type":"Polygon","coordinates":[[[77.6763,11.9519],[77.6962,11.4639],[78.4394,11.5986],[78.4868,11.4075],[78.6627,11.3732],[78.8431,11.523],[78.6275,11.8695],[78.4822,11.8172],[78.2345,11.9794],[77.9715,11.8956],[77.6763,11.9519]]]},"properties":{"district":"Salem","dt_code":"608","st_nm":"Tamil Nadu","st_code":"33","year":"2011_c"}},
{"type":"Feature","geometry":{"type":"Polygon","coordinates":[[[77.6763,11.9519],[77.2925,11.809],[76.9087,11.7952],[76.8475,11.5945],[76.9637,11.3855],[77.1472,11.3361],[77.476,11.3017],[77.5005,11.1078],[77.7773,11.0584],[77.9332,11.0707],[77.6962,11.4639],[77.6763,11.9519]]]},"properties":{"district":"Erode","dt_code":"610","st_nm":"Tamil Nadu","st_code":"33","year":"2011_c"}},
{"type":"Feature","geometry":{"type":"Polygon","coordinates":[[[76.8475,11.5945],[76.4178,11.6715],[76.2343,11.5271],[76.5478,11.3594],[76.4423,11.2013],[76.7068,11.2398],[76.9637,11.3855],[76.8475,11.5945]]]},"properties":{"district":"Nilgiris","dt_code":"611","st_nm":"Tamil Nadu","st_code":"33","year":"2011_c"}},
{"type":"Feature","geometry":{"type":"Polygon","coordinates":[[[77.6962,11.4639],[77.9332,11.0707],[78.1641,11.013],[78.3232,11.0584],[78.4868,11.4075],[78.4394,11.5986],[77.6962,11.4639]]]},"properties":{"district":"Namakkal","dt_code":"609","st_nm":"Tamil Nadu","st_code":"33","year":"2011_c"}},
{"type":"Feature","geometry":{"type":"Polygon","coordinates":[[[78.6627,11.3732],[78.6749,11.1642],[79.0067,11.0584],[79.1688,11.3787],[78.8783,11.5079],[78.8431,11.523],[78.6627,11.3732]]]},"properties":{"district":"Perambalur","dt_code":"615","st_nm":"Tamil Nadu","st_code":"33","year":"2011_c"}},
{"type":"Feature","geometry":{"type":"Polygon","coordinates":[[[76.9637,11.3855],[76.7068,11.2398],[76.6564,10.9388],[76.9071,10.782],[76.8337,10.3394],[76.8919,10.2596],[77.0509,10.2624],[77.0906,10.3146],[77.0906,10.5841],[77.1824,10.9209],[77.1472,11.3361],[76.9637,11.3855]]]},"properties":{"district":"Coimbatore","dt_code":"632","st_nm":"Tamil Nadu","st_code":"33","year":"2011_c"}},
{"type":"Feature","geometry":{"type":"Polygon","coordinates":[[[78.4868,11.4075],[78.3232,11.0584],[78.1641,11.013],[78.5785,10.8508],[78.1993,10.5469],[78.3339,10.3009],[78.3782,10.3105],[78.5051,10.3765],[78.4593,10.6116],[78.8737,10.705],[79.0037,10.8934],[79.0067,11.0584],[78.6749,11.1642],[78.6627,11.3732],[78.4868,11.4075]]]},"properties":{"district":"Tiruchirappalli","dt_code":"614","st_nm":"Tamil Nadu","st_code":"33","year":"2011_c"}},
{"type":"Feature","geometry":{"type":"Polygon","coordinates":[[[79.0067,11.0584],[79.0037,10.8934],[79.2223,10.947],[79.4578,11.1505],[79.3676,11.4185],[79.1688,11.3787],[79.0067,11.0584]]]},"properties":{"district":"Ariyalur","dt_code":"616","st_nm":"Tamil Nadu","st_code":"33","year":"2011_c"}},
{"type":"Feature","geometry":{"type":"Polygon","coordinates":[[[77.1472,11.3361],[77.1824,10.9209],[77.0906,10.5841],[77.0906,10.3146],[77.2879,10.2321],[77.4179,10.6253],[77.8078,10.6803],[77.7773,11.0584],[77.5005,11.1078],[77.476,11.3017],[77.1472,11.3361]]]},"properties":{"district":"Tiruppur","dt_code":"633","st_nm":"Tamil Nadu","st_code":"33","year":"2011_c"}},
{"type":"Feature","geometry":{"type":"Polygon","coordinates":[[[78.8737,10.705],[79.0694,10.6721],[79.2269,10.1373],[79.4716,10.316],[79.5006,10.3696],[79.3462,10.5923],[79.3003,10.936],[79.5159,10.9704],[79.5266,11.1835],[79.4578,11.1505],[79.2223,10.947],[79.0037,10.8934],[78.8737,10.705]]]},"properties":{"district":"Thanjavur","dt_code":"620","st_nm":"Tamil Nadu","st_code":"33","year":"2011_c"}},
{"type":"Feature","geometry":{"type":"Polygon","coordinates":[[[77.7773,11.0584],[77.8078,10.6803],[78.1993,10.5469],[78.5785,10.8508],[78.1641,11.013],[77.9332,11.0707],[77.7773,11.0584]]]},"properties":{"district":"Karur","dt_code":"613","st_nm":"Tamil Nadu","st_code":"33","year":"2011_c"}},
{"type":"Feature","geometry":{"type":"Polygon","coordinates":[[[79.5006,10.3696],[79.6306,10.3779],[79.652,10.8246],[79.7239,10.9291],[79.7484,10.9965],[79.5159,10.9704],[79.3003,10.936],[79.3462,10.5923],[79.5006,10.3696]]]},"properties":{"district":"Thiruvarur","dt_code":"619","st_nm":"Tamil Nadu","st_code":"33","year":"2011_c"}},
{"type":"Feature","geometry":{"type":"Polygon","coordinates":[[[78.1993,10.5469],[77.8078,10.6803],[77.4179,10.6253],[77.2879,10.2321],[77.268,10.1221],[77.6182,10.2143],[77.713,10.0259],[78.0204,10.184],[78.2804,10.129],[78.3339,10.3009],[78.1993,10.5469]]]},"properties":{"district":"Dindigul","dt_code":"612","st_nm":"Tamil Nadu","st_code":"33","year":"2011_c"}},
{"type":"Feature","geometry":{"type":"Polygon","coordinates":[[[78.3339,10.3009],[78.2804,10.129],[78.0204,10.184],[77.713,10.0259],[77.476,9.5626],[77.5372,9.6602],[78.0143,9.6396],[78.1366,9.762],[78.1519,9.8747],[78.4562,9.9682],[78.3782,10.3105],[78.3339,10.3009]]]},"properties":{"district":"Madurai","dt_code":"623","st_nm":"Tamil Nadu","st_code":"33","year":"2011_c"}},
{"type":"Feature","geometry":{"type":"Polygon","coordinates":[[[77.268,10.1221],[77.1671,9.6121],[77.4026,9.5255],[77.476,9.5626],[77.713,10.0259],[77.6182,10.2143],[77.268,10.1221]]]},"properties":{"district":"Theni","dt_code":"624","st_nm":"Tamil Nadu","st_code":"33","year":"2011_c"}},
{"type":"Feature","geometry":{"type":"Polygon","coordinates":[[[77.476,9.5626],[77.4026,9.5255],[77.3399,9.4196],[77.8476,9.2451],[78.0571,9.3633],[78.2804,9.2849],[78.4287,9.6094],[78.1366,9.762],[78.0143,9.6396],[77.5372,9.6602],[77.476,9.5626]]]},"properties":{"district":"Virudhunagar","dt_code":"625","st_nm":"Tamil Nadu","st_code":"33","year":"2011_c"}},
{"type":"Feature","geometry":{"type":"Polygon","coordinates":[[[77.8476,9.2451],[77.7023,9.0636],[77.8048,8.878],[77.8507,8.357],[77.9699,8.335],[78.1427,8.5013],[78.1718,8.8835],[78.3843,9.0938],[78.2804,9.2849],[78.0571,9.3633],[77.8476,9.2451]]]},"properties":{"district":"Thoothukkudi","dt_code":"627","st_nm":"Tamil Nadu","st_code":"33","year":"2011_c"}},
{"type":"Feature","geometry":{"type":"Polygon","coordinates":[[[77.5892,8.1398],[77.4393,8.5068],[77.2696,8.5783],[77.0983,8.2924],[77.4454,8.0944],[77.5892,8.1398]]]},"properties":{"district":"Kanyakumari","dt_code":"629","st_nm":"Tamil Nadu","st_code":"33","year":"2011_c"}},
{"type":"Feature","geometry":{"type":"Polygon","coordinates":[[[79.1719,12.0303],[79.4318,11.7829],[79.6857,11.8805],[79.8401,11.9561],[80.0083,12.2544],[79.6398,12.3451],[79.2315,12.4427],[79.1719,12.0303]]]},"properties":{"district":"Viluppuram","dt_code":"607","st_nm":"Tamil Nadu","st_code":"33","year":"2019"}},
{"type":"Feature","geometry":{"type":"Polygon","coordinates":[[[79.1688,11.3787],[79.3676,11.4185],[79.4578,11.1505],[79.5266,11.1835],[79.8126,11.424],[79.808,11.8447],[79.6857,11.8805],[79.4318,11.7829],[79.3844,11.6811],[78.8783,11.5079],[79.1688,11.3787]]]},"properties":{"district":"Cuddalore","dt_code":"617","st_nm":"Tamil Nadu","st_code":"33","year":"2011_c"}},
{"type":"Feature","geometry":{"type":"Polygon","coordinates":[[[78.5051,10.3765],[78.7085,10.1758],[78.9134,10.1441],[78.9914,9.9434],[79.1168,9.8499],[79.2269,10.1373],[79.0694,10.6721],[78.8737,10.705],[78.4593,10.6116],[78.5051,10.3765]]]},"properties":{"district":"Pudukkottai","dt_code":"621","st_nm":"Tamil Nadu","st_code":"33","year":"2011_c"}},
{"type":"Feature","geometry":{"type":"Polygon","coordinates":[[[78.3782,10.3105],[78.4562,9.9682],[78.1519,9.8747],[78.1366,9.762],[78.4287,9.6094],[78.6565,9.5461],[78.7253,9.7111],[78.9914,9.9434],[78.9134,10.1441],[78.7085,10.1758],[78.5051,10.3765],[78.3782,10.3105]]]},"properties":{"district":"Sivaganga","dt_code":"622","st_nm":"Tamil Nadu","st_code":"33","year":"2011_c"}},
{"type":"Feature","geometry":{"type":"Polygon","coordinates":[[[78.2804,9.2849],[78.3843,9.0938],[79.0648,9.2987],[78.8997,9.4691],[79.1168,9.8499],[78.9914,9.9434],[78.7253,9.7111],[78.6565,9.5461],[78.4287,9.6094],[78.2804,9.2849]]]},"properties":{"district":"Ramanathapuram","dt_code":"626","st_nm":"Tamil Nadu","st_code":"33","year":"2011_c"}},
{"type":"Feature","geometry":{"type":"MultiPolygon","coordinates":[[[[79.4716,10.316],[79.7683,10.272],[79.8722,10.36],[79.8493,10.8274],[79.7239,10.9291],[79.652,10.8246],[79.6306,10.3779],[79.5006,10.3696],[79.4716,10.316]]],[[[79.5159,10.9704],[79.7484,10.9965],[79.8508,10.9855],[79.8126,11.424],[79.5266,11.1835],[79.5159,10.9704]]]]},"properties":{"district":"Nagapattinam","dt_code":"618","st_nm":"Tamil Nadu","st_code":"33","year":"2011_c"}},
{"type":"Feature","geometry":{"type":"Polygon","coordinates":[[[78.7177,11.9836],[78.6275,11.8695],[78.8431,11.523],[78.8783,11.5079],[79.3844,11.6811],[79.4318,11.7829],[79.1719,12.0303],[78.9593,12.0688],[78.7177,11.9836]]]},"properties":{"district":"Kallakurichi","dt_code":"729","st_nm":"Tamil Nadu","st_code":"33","year":"2019"}},
{"type":"Feature","geometry":{"type":"Polygon","coordinates":[[[77.3399,9.4196],[77.2818,9.2987],[77.2038,9.0705],[77.2558,8.8794],[77.5678,8.7886],[77.7023,9.0636],[77.8476,9.2451],[77.3399,9.4196]]]},"properties":{"district":"Tenkasi","dt_code":"0","st_nm":"Tamil Nadu","st_code":"33","year":"2019"}},
{"type":"Feature","geometry":{"type":"Polygon","coordinates":[[[77.7023,9.0636],[77.5678,8.7886],[77.2558,8.8794],[77.1992,8.7708],[77.2696,8.5783],[77.4393,8.5068],[77.5892,8.1398],[77.7941,8.1631],[77.9699,8.335],[77.8507,8.357],[77.8048,8.878],[77.7023,9.0636]]]},"properties":{"district":"Tirunelveli","dt_code":"628","st_nm":"Tamil Nadu","st_code":"33","year":"2019"}},
{"type":"Feature","geometry":{"type":"Polygon","coordinates":[[[79.2086,12.785],[79.2285,13.1576],[79.1627,13.0201],[78.892,13.0957],[78.6214,12.9913],[78.603,12.8442],[78.7819,12.8469],[78.8584,12.6338],[79.2086,12.785]]]},"properties":{"district":"Vellore","dt_code":"605","st_nm":"Tamil Nadu","st_code":"33","year":"2019"}},
{"type":"Feature","geometry":{"type":"Polygon","coordinates":[[[79.2835,13.1232],[79.2285,13.1576],[79.2086,12.785],[79.4502,12.6709],[79.5603,12.8538],[79.7897,13.0243],[79.7361,13.1672],[79.2835,13.1232]]]},"properties":{"district":"Ranipet","dt_code":"0","st_nm":"Tamil Nadu","st_code":"33","year":"2019"}},
{"type":"Feature","geometry":{"type":"Polygon","coordinates":[[[78.6474,12.2585],[78.8584,12.6338],[78.7819,12.8469],[78.603,12.8442],[78.4119,12.627],[78.4363,12.3946],[78.6474,12.2585]]]},"properties":{"district":"Tirupathur","dt_code":"0","st_nm":"Tamil Nadu","st_code":"33","year":"2019"}},
{"type":"Feature","geometry":{"type":"Polygon","coordinates":[[[79.7897,13.0243],[79.5603,12.8538],[79.7453,12.7438],[79.7438,12.5321],[79.9242,12.6325],[80.0802,13.016],[79.7897,13.0243]]]},"properties":{"district":"Kancheepuram","dt_code":"604","st_nm":"Tamil Nadu","st_code":"33","year":"2019"}},
{"type":"Feature","geometry":{"type":"Polygon","coordinates":[[[80.0802,13.016],[79.9242,12.6325],[79.7438,12.5321],[79.6398,12.3451],[80.0083,12.2544],[80.1383,12.4111],[80.2499,12.8579],[80.1276,13.0339],[80.0802,13.016]]]},"properties":{"district":"Chengalpattu","dt_code":"0","st_nm":"Tamil Nadu","st_code":"33","year":"2019"}},
{"type":"Feature","geometry":{"type":"Polygon","coordinates":[[[76.7818,21.5587],[76.0768,21.5725],[75.9866,21.369],[76.3826,21.0762],[76.6625,21.281],[76.7818,21.5587]]]},"properties":{"district":"Burhanpur","dt_code":"467","st_nm":"Madhya Pradesh","st_code":"23","year":"2011_c"}},
{"type":"Feature","geometry":{"type":"Polygon","coordinates":[[[80.6613,21.3333],[80.2683,21.6178],[79.9181,21.5244],[79.8248,21.2728],[80.0634,21.2013],[79.9823,20.6775],[80.2423,20.6555],[80.3325,20.8205],[80.5619,20.8232],[80.464,21.1752],[80.6613,21.3333]]]},"properties":{"district":"Gondia","dt_code":"507","st_nm":"Maharashtra","st_code":"27","year":"2011_c"}},
{"type":"Feature","geometry":{"type":"Polygon","coordinates":[[[79.9181,21.5244],[79.5389,21.5409],[79.4762,21.4281],[79.6551,20.9648],[79.519,20.7146],[79.9334,20.6734],[79.9823,20.6775],[80.0634,21.2013],[79.8248,21.2728],[79.9181,21.5244]]]},"properties":{"district":"Bhandara","dt_code":"506","st_nm":"Maharashtra","st_code":"27","year":"2011_c"}},
{"type":"Feature","geometry":{"type":"Polygon","coordinates":[[[75.9866,21.369],[75.6089,21.3896],[75.2113,21.4116],[74.8947,21.1491],[74.9865,20.738],[74.8122,20.6321],[74.9345,20.2706],[75.2266,20.4947],[76.0065,20.6473],[76.164,21.0363],[76.3826,21.0762],[75.9866,21.369]]]},"properties":{"district":"Jalgaon","dt_code":"499","st_nm":"Maharashtra","st_code":"27","year":"2011_c"}},
{"type":"Feature","geometry":{"type":"Polygon","coordinates":[[[83.2686,21.3773],[82.9337,21.4969],[82.6966,21.3305],[82.3893,21.2618],[82.1935,21.3786],[81.9886,21.0831],[82.3388,20.8741],[82.4596,20.826],[82.6385,21.0886],[82.9658,21.1752],[83.1921,21.1394],[83.2686,21.3773]]]},"properties":{"district":"Mahasamund","dt_code":"411","st_nm":"Chhattisgarh","st_code":"22","year":"2011_c"}},
{"type":"Feature","geometry":{"type":"Polygon","coordinates":[[[78.2513,21.3305],[78.0785,21.3553],[78.1427,20.9538],[78.2742,20.6926],[78.7988,20.2995],[79.1321,20.4576],[79.2208,20.5827],[78.9425,20.7682],[78.4455,21.237],[78.2513,21.3305]]]},"properties":{"district":"Wardha","dt_code":"504","st_nm":"Maharashtra","st_code":"27","year":"2011_c"}},
{"type":"Feature","geometry":{"type":"Polygon","coordinates":[[[76.3826,21.0762],[76.164,21.0363],[76.0065,20.6473],[75.9759,20.5318],[76.141,20.3008],[76.0982,19.8568],[76.5371,19.8485],[76.6395,19.8664],[76.6686,20.1262],[76.82,20.2802],[76.7084,20.5002],[76.7833,21.193],[76.6625,21.281],[76.3826,21.0762]]]},"properties":{"district":"Buldhana","dt_code":"500","st_nm":"Maharashtra","st_code":"27","year":"2011_c"}},
{"type":"Feature","geometry":{"type":"Polygon","coordinates":[[[72.7753,20.1317],[72.9618,20.2087],[73.0429,20.3256],[73.2111,20.1207],[73.2493,20.1221],[73.416,20.2046],[73.4068,20.6239],[73.0735,20.6005],[72.8548,20.7504],[72.8869,20.4617],[72.8288,20.3682],[72.7753,20.1317]]]},"properties":{"district":"Valsad","dt_code":"491","st_nm":"Gujarat","st_code":"24","year":"2011_c"}},
{"type":"Feature","geometry":{"type":"Polygon","coordinates":[[[76.82,20.2802],[77.1824,20.3984],[77.6106,20.7188],[77.5295,20.8494],[77.1289,20.8631],[77.1671,21.2425],[76.7833,21.193],[76.7084,20.5002],[76.82,20.2802]]]},"properties":{"district":"Akola","dt_code":"501","st_nm":"Maharashtra","st_code":"27","year":"2011_c"}},
{"type":"Feature","geometry":{"type":"Polygon","coordinates":[[[86.6221,20.7957],[86.8056,20.7353],[86.9768,20.8604],[86.8591,21.2137],[86.515,21.1353],[86.3667,21.237],[86.2857,21.0157],[86.3606,20.848],[86.6221,20.7957]]]},"properties":{"district":"Bhadrak","dt_code":"378","st_nm":"Odisha","st_code":"21","year":"2011_c"}},
{"type":"Feature","geometry":{"type":"Polygon","coordinates":[[[85.7122,21.1381],[85.3941,21.1834],[85.2305,21.0721],[85.255,20.7957],[85.1265,20.6156],[85.2519,20.518],[85.5853,20.5139],[85.9156,20.7009],[85.7122,21.1381]]]},"properties":{"district":"Dhenkanal","dt_code":"383","st_nm":"Odisha","st_code":"21","year":"2011_c"}},
{"type":"Feature","geometry":{"type":"Polygon","coordinates":[[[86.2857,21.0157],[86.0272,21.1381],[85.7122,21.1381],[85.9156,20.7009],[86.2795,20.5813],[86.6221,20.7957],[86.3606,20.848],[86.2857,21.0157]]]},"properties":{"district":"Jajpur","dt_code":"382","st_nm":"Odisha","st_code":"21","year":"2011_c"}},
{"type":"Feature","geometry":{"type":"Polygon","coordinates":[[[84.2794,20.9222],[83.894,21.1752],[83.4567,21.0583],[83.6646,20.705],[83.6019,20.5304],[83.7625,20.7806],[84.2671,20.881],[84.2794,20.9222]]]},"properties":{"district":"Subarnapur","dt_code":"392","st_nm":"Odisha","st_code":"21","year":"2011_c"}},
{"type":"Feature","geometry":{"type":"Polygon","coordinates":[[[82.3388,20.8741],[82.4382,20.4342],[82.3985,20.0561],[82.7181,19.9888],[82.8205,20.1661],[82.6844,20.4603],[82.7012,20.7284],[82.6385,21.0886],[82.4596,20.826],[82.3388,20.8741]]]},"properties":{"district":"Nuapada","dt_code":"394","st_nm":"Odisha","st_code":"21","year":"2011_c"}},
{"type":"Feature","geometry":{"type":"Polygon","coordinates":[[[83.4567,21.0583],[83.4047,20.8892],[82.9811,20.8452],[82.7012,20.7284],[82.6844,20.4603],[82.8205,20.1661],[83.1447,20.1689],[83.4215,20.4026],[83.6509,20.3888],[83.6662,20.4218],[83.6019,20.5304],[83.6646,20.705],[83.4567,21.0583]]]},"properties":{"district":"Balangir","dt_code":"393","st_nm":"Odisha","st_code":"21","year":"2011_c"}},
{"type":"Feature","geometry":{"type":"Polygon","coordinates":[[[74.8122,20.6321],[74.5384,20.837],[73.942,20.8397],[73.7448,20.5648],[73.4741,20.7201],[73.4068,20.6239],[73.416,20.2046],[73.2493,20.1221],[73.4068,20.019],[73.4848,19.7248],[73.6163,19.586],[74.3733,19.8018],[74.3182,19.9846],[74.6699,19.9461],[74.7143,20.1345],[74.9345,20.2706],[74.8122,20.6321]]]},"properties":{"district":"Nashik","dt_code":"516","st_nm":"Maharashtra","st_code":"27","year":"2011_c"}},
{"type":"Feature","geometry":{"type":"Polygon","coordinates":[[[83.6019,20.5304],[83.6662,20.4218],[83.8741,20.5827],[84.2258,20.5813],[84.5103,20.3957],[84.7672,20.6033],[84.3604,20.7655],[84.2671,20.881],[83.7625,20.7806],[83.6019,20.5304]]]},"properties":{"district":"Boudh","dt_code":"391","st_nm":"Odisha","st_code":"21","year":"2011_c"}},
{"type":"Feature","geometry":{"type":"Polygon","coordinates":[[[79.9823,20.6775],[79.9334,20.6734],[79.99,20.0451],[79.7377,19.8155],[79.8065,19.5791],[79.9778,19.399],[79.9288,19.1584],[79.9135,18.8257],[80.1184,18.68],[80.2759,18.7199],[80.2714,18.9426],[80.4824,19.3371],[80.8524,19.3646],[80.8953,19.52],[80.672,19.7028],[80.4686,19.8265],[80.5451,20.1001],[80.6261,20.3324],[80.5619,20.8232],[80.3325,20.8205],[80.2423,20.6555],[79.9823,20.6775]]]},"properties":{"district":"Gadchiroli","dt_code":"508","st_nm":"Maharashtra","st_code":"27","year":"2011_c"}},
{"type":"Feature","geometry":{"type":"Polygon","coordinates":[[[76.6395,19.8664],[77.0356,20.008],[77.2849,19.909],[77.372,20.0465],[77.6702,20.1015],[77.5739,20.3998],[77.6503,20.5648],[77.6106,20.7188],[77.1824,20.3984],[76.82,20.2802],[76.6686,20.1262],[76.6395,19.8664]]]},"properties":{"district":"Washim","dt_code":"502","st_nm":"Maharashtra","st_code":"27","year":"2011_c"}},
{"type":"Feature","geometry":{"type":"Polygon","coordinates":[[[85.1265,20.6156],[84.8482,20.5277],[85.3299,20.2788],[85.6235,20.2926],[85.7856,20.4342],[86.0807,20.1042],[86.1817,20.0534],[86.249,20.3654],[86.2795,20.5813],[85.9156,20.7009],[85.5853,20.5139],[85.2519,20.518],[85.1265,20.6156]]]},"properties":{"district":"Cuttack","dt_code":"381","st_nm":"Odisha","st_code":"21","year":"2011_c"}},
{"type":"Feature","geometry":{"type":"Polygon","coordinates":[[[79.519,20.7146],[79.2208,20.5827],[79.1321,20.4576],[78.7988,20.2995],[79.1076,20.0094],[79.0725,19.8183],[78.8416,19.7619],[78.9364,19.5502],[79.2529,19.5928],[79.4716,19.5007],[79.8065,19.5791],[79.7377,19.8155],[79.99,20.0451],[79.9334,20.6734],[79.519,20.7146]]]},"properties":{"district":"Chandrapur","dt_code":"509","st_nm":"Maharashtra","st_code":"27","year":"2011_c"}},
{"type":"Feature","geometry":{"type":"Polygon","coordinates":[[[78.2742,20.6926],[77.7788,20.54],[77.6503,20.5648],[77.5739,20.3998],[77.6702,20.1015],[77.372,20.0465],[77.2849,19.909],[77.4577,19.6822],[77.7987,19.4499],[78.1886,19.5585],[77.8629,19.7454],[77.9531,19.909],[78.3064,19.9118],[78.4317,19.8142],[78.8416,19.7619],[79.0725,19.8183],[79.1076,20.0094],[78.7988,20.2995],[78.2742,20.6926]]]},"properties":{"district":"Yavatmal","dt_code":"510","st_nm":"Maharashtra","st_code":"27","year":"2011_c"}},
{"type":"Feature","geometry":{"type":"Polygon","coordinates":[[[83.6509,20.3888],[83.7105,20.1015],[83.4964,19.9599],[83.9399,19.6354],[84.2335,19.5736],[84.1845,19.8609],[84.5867,20.1744],[84.5103,20.3957],[84.2258,20.5813],[83.8741,20.5827],[83.6662,20.4218],[83.6509,20.3888]]]},"properties":{"district":"Kandhamal","dt_code":"390","st_nm":"Odisha","st_code":"21","year":"2011_c"}},
{"type":"Feature","geometry":{"type":"Polygon","coordinates":[[[75.9759,20.5318],[75.7648,20.4521],[75.592,20.0066],[75.6547,19.9077],[75.6058,19.3852],[75.9116,19.3921],[76.2083,19.2739],[76.4423,19.5406],[76.5126,19.8252],[76.5371,19.8485],[76.0982,19.8568],[76.141,20.3008],[75.9759,20.5318]]]},"properties":{"district":"Jalna","dt_code":"514","st_nm":"Maharashtra","st_code":"27","year":"2011_c"}},
{"type":"Feature","geometry":{"type":"Polygon","coordinates":[[[84.5103,20.3957],[84.5867,20.1744],[84.7045,20.2788],[84.94,19.898],[85.4186,19.9241],[85.3299,20.2788],[84.8482,20.5277],[84.7672,20.6033],[84.5103,20.3957]]]},"properties":{"district":"Nayagarh","dt_code":"385","st_nm":"Odisha","st_code":"21","year":"2011_c"}},
{"type":"Feature","geometry":{"type":"Polygon","coordinates":[[[80.672,19.7028],[80.8433,19.9475],[81.0849,19.7069],[81.3739,19.7798],[81.2913,20.0218],[81.5849,20.195],[81.8143,20.1675],[81.692,20.4809],[81.4106,20.5538],[81.1491,20.3764],[80.9916,20.4589],[80.5451,20.1001],[80.4686,19.8265],[80.672,19.7028]]]},"properties":{"district":"Uttar Bastar Kanker","dt_code":"413","st_nm":"Chhattisgarh","st_code":"22","year":"2011_c"}},
{"type":"Feature","geometry":{"type":"Polygon","coordinates":[[[85.3299,20.2788],[85.4186,19.9241],[84.94,19.898],[85.1831,19.6726],[85.6786,20.0671],[86.0807,20.1042],[85.7856,20.4342],[85.6235,20.2926],[85.3299,20.2788]]]},"properties":{"district":"Khordha","dt_code":"386","st_nm":"Odisha","st_code":"21","year":"2011_c"}},
{"type":"Feature","geometry":{"type":"Polygon","coordinates":[[[82.7181,19.9888],[82.5942,19.7757],[82.5667,19.5447],[82.8557,19.2052],[82.871,19.1955],[83.0698,19.5612],[83.186,19.4567],[83.4536,19.7372],[83.4964,19.9599],[83.7105,20.1015],[83.6509,20.3888],[83.4215,20.4026],[83.1447,20.1689],[82.8205,20.1661],[82.7181,19.9888]]]},"properties":{"district":"Kalahandi","dt_code":"395","st_nm":"Odisha","st_code":"21","year":"2011_c"}},
{"type":"Feature","geometry":{"type":"Polygon","coordinates":[[[86.1817,20.0534],[86.3698,19.9819],[86.7765,20.3352],[86.249,20.3654],[86.1817,20.0534]]]},"properties":{"district":"Jagatsinghpur","dt_code":"380","st_nm":"Odisha","st_code":"21","year":"2011_c"}},
{"type":"Feature","geometry":{"type":"Polygon","coordinates":[[[86.0807,20.1042],[85.6786,20.0671],[85.1831,19.6726],[85.1724,19.4677],[85.6786,19.7454],[86.3698,19.9819],[86.1817,20.0534],[86.0807,20.1042]]]},"properties":{"district":"Puri","dt_code":"387","st_nm":"Odisha","st_code":"21","year":"2011_c"}},
{"type":"Feature","geometry":{"type":"Polygon","coordinates":[[[73.6163,19.586],[73.78,19.3866],[74.2188,19.2024],[74.1745,19.0319],[74.5782,18.5494],[74.832,18.3349],[75.3122,18.5205],[75.5844,18.6965],[75.381,18.7694],[75.1562,18.6415],[74.8244,18.9329],[74.9421,19.1337],[75.2847,19.0347],[75.5202,19.278],[75.4758,19.4265],[74.884,19.6561],[74.6699,19.9461],[74.3182,19.9846],[74.3733,19.8018],[73.6163,19.586]]]},"properties":{"district":"Ahmednagar","dt_code":"522","st_nm":"Maharashtra","st_code":"27","year":"2011_c"}},
{"type":"Feature","geometry":{"type":"Polygon","coordinates":[[[82.5942,19.7757],[82.4459,19.9104],[82.0177,20.0493],[81.8755,20.052],[82.0651,19.7908],[82.0284,19.5076],[82.189,19.4279],[82.2058,19.1213],[82.5177,19.2024],[82.8557,19.2052],[82.5667,19.5447],[82.5942,19.7757]]]},"properties":{"district":"Nabarangapur","dt_code":"397","st_nm":"Odisha","st_code":"21","year":"2011_c"}},
{"type":"Feature","geometry":{"type":"Polygon","coordinates":[[[76.5371,19.8485],[76.5126,19.8252],[76.9117,19.6423],[76.849,19.509],[77.0845,19.1089],[77.4699,19.4925],[77.4577,19.6822],[77.2849,19.909],[77.0356,20.008],[76.6395,19.8664],[76.5371,19.8485]]]},"properties":{"district":"Hingoli","dt_code":"512","st_nm":"Maharashtra","st_code":"27","year":"2011_c"}},
{"type":"Feature","geometry":{"type":"Polygon","coordinates":[[[83.4964,19.9599],[83.4536,19.7372],[83.186,19.4567],[83.0698,19.5612],[82.871,19.1955],[83.3481,19.0182],[83.6631,19.0993],[83.7564,18.911],[83.7931,19.0182],[84.0332,19.1323],[83.9399,19.6354],[83.4964,19.9599]]]},"properties":{"district":"Rayagada","dt_code":"396","st_nm":"Odisha","st_code":"21","year":"2011_c"}},
{"type":"Feature","geometry":{"type":"Polygon","coordinates":[[[77.4577,19.6822],[77.4699,19.4925],[77.0845,19.1089],[76.9897,18.8285],[77.268,18.6126],[77.265,18.4229],[77.5509,18.2923],[77.739,18.5563],[77.9485,18.8436],[77.7971,19.0732],[77.8629,19.3041],[78.1932,19.3165],[78.3094,19.4815],[78.3064,19.9118],[77.9531,19.909],[77.8629,19.7454],[78.1886,19.5585],[77.7987,19.4499],[77.4577,19.6822]]]},"properties":{"district":"Nanded","dt_code":"511","st_nm":"Maharashtra","st_code":"27","year":"2011_c"}},
{"type":"Feature","geometry":{"type":"Polygon","coordinates":[[[80.8524,19.3646],[81.1292,19.256],[81.3433,19.3193],[81.4855,19.6877],[81.3739,19.7798],[81.0849,19.7069],[80.8433,19.9475],[80.672,19.7028],[80.8953,19.52],[80.8524,19.3646]]]},"properties":{"district":"Narayanpur","dt_code":"415","st_nm":"Chhattisgarh","st_code":"22","year":"2011_c"}},
{"type":"Feature","geometry":{"type":"Polygon","coordinates":[[[76.2083,19.2739],[76.7221,18.7501],[76.9897,18.8285],[77.0845,19.1089],[76.849,19.509],[76.9117,19.6423],[76.5126,19.8252],[76.4423,19.5406],[76.2083,19.2739]]]},"properties":{"district":"Parbhani","dt_code":"513","st_nm":"Maharashtra","st_code":"27","year":"2011_c"}},
{"type":"Feature","geometry":{"type":"Polygon","coordinates":[[[73.78,19.3866],[73.5261,19.1295],[73.3686,18.7955],[73.4206,18.3033],[73.653,18.1727],[73.6576,18.0297],[73.9053,18.159],[74.7097,18.0297],[75.0522,17.9046],[75.0217,18.1892],[74.832,18.3349],[74.5782,18.5494],[74.1745,19.0319],[74.2188,19.2024],[73.78,19.3866]]]},"properties":{"district":"Pune","dt_code":"521","st_nm":"Maharashtra","st_code":"27","year":"2011_c"}},
{"type":"Feature","geometry":{"type":"Polygon","coordinates":[[[75.6058,19.3852],[75.4758,19.4265],[75.5202,19.278],[75.2847,19.0347],[74.9421,19.1337],[74.8244,18.9329],[75.1562,18.6415],[75.381,18.7694],[75.5844,18.6965],[76.2741,18.559],[76.7221,18.7501],[76.2083,19.2739],[75.9116,19.3921],[75.6058,19.3852]]]},"properties":{"district":"Beed","dt_code":"523","st_nm":"Maharashtra","st_code":"27","year":"2011_c"}},
{"type":"Feature","geometry":{"type":"Polygon","coordinates":[[[72.8364,18.8642],[72.9557,18.9879],[72.9802,19.1543],[72.7845,19.2643],[72.8364,18.8642]]]},"properties":{"district":"Mumbai","dt_code":"519","st_nm":"Maharashtra","st_code":"27","year":"2011_c"}},
{"type":"Feature","geometry":{"type":"Polygon","coordinates":[[[82.8557,19.2052],[82.5177,19.2024],[82.2058,19.1213],[82.2455,18.9192],[82.0911,18.7377],[82.4275,18.4862],[82.7731,18.3418],[83.0774,18.4037],[82.9994,18.6085],[83.4123,18.8738],[83.3481,19.0182],[82.871,19.1955],[82.8557,19.2052]]]},"properties":{"district":"Koraput","dt_code":"398","st_nm":"Odisha","st_code":"21","year":"2011_c"}},
{"type":"Feature","geometry":{"type":"Polygon","coordinates":[[[83.7564,18.911],[83.5377,18.7102],[83.6631,18.0792],[84.128,18.3129],[84.7641,19.0745],[84.7014,19.1185],[84.4231,18.9494],[84.3191,18.7886],[83.8909,18.8161],[83.7931,19.0182],[83.7564,18.911]]]},"properties":{"district":"Srikakulam","dt_code":"542","st_nm":"Andhra Pradesh","st_code":"37","year":"2011_c"}},
{"type":"Feature","geometry":{"type":"Polygon","coordinates":[[[83.3481,19.0182],[83.4123,18.8738],[82.9994,18.6085],[83.0774,18.4037],[83.1523,18.1906],[83.0071,18.0352],[83.5194,17.95],[83.6631,18.0792],[83.5377,18.7102],[83.7564,18.911],[83.6631,19.0993],[83.3481,19.0182]]]},"properties":{"district":"Vizianagaram","dt_code":"543","st_nm":"Andhra Pradesh","st_code":"37","year":"2011_c"}},
{"type":"Feature","geometry":{"type":"Polygon","coordinates":[[[76.9897,18.8285],[76.7221,18.7501],[76.2741,18.559],[76.2786,18.1095],[76.5982,18.0311],[76.7405,17.8991],[76.9194,17.9156],[77.265,18.4229],[77.268,18.6126],[76.9897,18.8285]]]},"properties":{"district":"Latur","dt_code":"524","st_nm":"Maharashtra","st_code":"27","year":"2011_c"}},
{"type":"Feature","geometry":{"type":"Polygon","coordinates":[[[75.3122,18.5205],[75.4376,18.2043],[75.7052,18.3954],[75.8964,18.3583],[76.0187,17.8276],[76.4285,17.6434],[76.6854,17.6819],[76.7405,17.8991],[76.5982,18.0311],[76.2786,18.1095],[76.2741,18.559],[75.5844,18.6965],[75.3122,18.5205]]]},"properties":{"district":"Osmanabad","dt_code":"525","st_nm":"Maharashtra","st_code":"27","year":"2011_c"}},
{"type":"Feature","geometry":{"type":"Polygon","coordinates":[[[82.0911,18.7377],[81.8999,18.6607],[81.9106,18.57],[81.5299,18.2401],[81.3968,17.818],[81.617,17.8235],[81.9795,18.0132],[82.3189,18.0449],[82.4275,18.4862],[82.0911,18.7377]]]},"properties":{"district":"Malkangiri","dt_code":"399","st_nm":"Odisha","st_code":"21","year":"2011_c"}},
{"type":"Feature","geometry":{"type":"Polygon","coordinates":[[[74.832,18.3349],[75.0217,18.1892],[75.0522,17.9046],[74.7097,18.0297],[74.6363,17.873],[74.907,17.6269],[75.0354,17.4193],[74.8856,17.2214],[75.2388,17.2159],[75.6043,17.3052],[75.6333,17.4771],[75.9315,17.3231],[76.0753,17.3369],[76.3826,17.3149],[76.4285,17.6434],[76.0187,17.8276],[75.8964,18.3583],[75.7052,18.3954],[75.4376,18.2043],[75.3122,18.5205],[74.832,18.3349]]]},"properties":{"district":"Solapur","dt_code":"526","st_nm":"Maharashtra","st_code":"27","year":"2011_c"}},
{"type":"Feature","geometry":{"type":"Polygon","coordinates":[[[82.4275,18.4862],[82.3189,18.0449],[81.9795,18.0132],[82.0024,17.6393],[82.2287,17.6393],[82.3449,17.495],[82.6034,17.4551],[82.5422,17.2489],[83.1615,17.5596],[83.5194,17.95],[83.0071,18.0352],[83.1523,18.1906],[83.0774,18.4037],[82.7731,18.3418],[82.4275,18.4862]]]},"properties":{"district":"Visakhapatnam","dt_code":"544","st_nm":"Andhra Pradesh","st_code":"37","year":"2011_c"}},
{"type":"Feature","geometry":{"type":"Polygon","coordinates":[[[77.265,18.4229],[76.9194,17.9156],[76.7405,17.8991],[76.6854,17.6819],[77.4439,17.5843],[77.6564,17.9692],[77.6014,18.2758],[77.5509,18.2923],[77.265,18.4229]]]},"properties":{"district":"Bidar","dt_code":"558","st_nm":"Karnataka","st_code":"29","year":"2011_c"}},
{"type":"Feature","geometry":{"type":"Polygon","coordinates":[[[73.6576,18.0297],[73.572,17.8758],[73.7448,17.5554],[73.6943,17.2612],[74.0307,17.0908],[74.2464,17.1416],[74.2846,17.4207],[74.6852,17.3946],[74.907,17.6269],[74.6363,17.873],[74.7097,18.0297],[73.9053,18.159],[73.6576,18.0297]]]},"properties":{"district":"Satara","dt_code":"527","st_nm":"Maharashtra","st_code":"27","year":"2011_c"}},
{"type":"Feature","geometry":{"type":"Polygon","coordinates":[[[73.572,17.8758],[73.2876,18.071],[73.0444,17.9816],[73.2891,17.1155],[73.3472,16.5299],[73.468,16.4941],[73.8518,16.6481],[73.7096,16.8296],[73.8319,17.0248],[73.7066,17.1705],[73.6943,17.2612],[73.7448,17.5554],[73.572,17.8758]]]},"properties":{"district":"Ratnagiri","dt_code":"528","st_nm":"Maharashtra","st_code":"27","year":"2011_c"}},
{"type":"Feature","geometry":{"type":"Polygon","coordinates":[[[76.4285,17.6434],[76.3826,17.3149],[76.0753,17.3369],[76.4407,16.9973],[76.4622,16.7113],[76.8704,16.8956],[77.1656,16.9396],[77.4592,16.8846],[77.4668,16.9547],[77.3797,17.2228],[77.6855,17.5115],[77.4439,17.5843],[76.6854,17.6819],[76.4285,17.6434]]]},"properties":{"district":"Kalaburagi","dt_code":"579","st_nm":"Karnataka","st_code":"29","year":"2011_c"}},
{"type":"Feature","geometry":{"type":"Polygon","coordinates":[[[74.907,17.6269],[74.6852,17.3946],[74.2846,17.4207],[74.2464,17.1416],[74.0307,17.0908],[73.6943,17.2612],[73.7066,17.1705],[73.8488,17.1513],[74.0659,16.9024],[74.4742,16.8681],[74.6959,16.7155],[75.0889,16.9519],[75.3413,16.9561],[75.6654,16.9794],[75.6043,17.3052],[75.2388,17.2159],[74.8856,17.2214],[75.0354,17.4193],[74.907,17.6269]]]},"properties":{"district":"Sangli","dt_code":"531","st_nm":"Maharashtra","st_code":"27","year":"2011_c"}},
{"type":"Feature","geometry":{"type":"Polygon","coordinates":[[[73.8518,16.6481],[73.8319,16.3443],[73.9084,16.1367],[74.2097,15.7806],[74.3458,15.7641],[74.4803,16.2494],[74.3167,16.3264],[74.3152,16.5546],[74.6959,16.7155],[74.4742,16.8681],[74.0659,16.9024],[73.8488,17.1513],[73.7066,17.1705],[73.8319,17.0248],[73.7096,16.8296],[73.8518,16.6481]]]},"properties":{"district":"Kolhapur","dt_code":"530","st_nm":"Maharashtra","st_code":"27","year":"2011_c"}},
{"type":"Feature","geometry":{"type":"Polygon","coordinates":[[[80.831,15.7064],[81.0084,15.7545],[81.2133,16.2082],[81.5528,16.347],[81.1889,16.622],[80.8769,17.0702],[80.5053,17.0688],[80.5695,16.7677],[80.0557,16.9712],[80.0726,16.8172],[80.1398,16.6536],[80.4717,16.589],[80.7989,16.2824],[80.8953,15.9222],[80.831,15.7064]]]},"properties":{"district":"Krishna","dt_code":"547","st_nm":"Andhra Pradesh","st_code":"37","year":"2011_c"}},
{"type":"Feature","geometry":{"type":"Polygon","coordinates":[[[74.6959,16.7155],[74.3152,16.5546],[74.3167,16.3264],[74.4803,16.2494],[74.3458,15.7641],[74.2097,15.7806],[74.1179,15.6514],[74.2785,15.5222],[74.6134,15.3586],[74.7388,15.415],[74.8305,15.6102],[75.2893,15.6913],[75.4514,15.8865],[75.4192,16.0528],[74.988,16.4529],[75.3841,16.7636],[75.3413,16.9561],[75.0889,16.9519],[74.6959,16.7155]]]},"properties":{"district":"Belagavi","dt_code":"555","st_nm":"Karnataka","st_code":"29","year":"2011_c"}},
{"type":"Feature","geometry":{"type":"Polygon","coordinates":[[[76.4622,16.7113],[76.3322,16.1944],[77.0096,16.545],[77.2879,16.4089],[77.4164,16.5175],[77.4592,16.8846],[77.1656,16.9396],[76.8704,16.8956],[76.4622,16.7113]]]},"properties":{"district":"Yadgir","dt_code":"580","st_nm":"Karnataka","st_code":"29","year":"2011_c"}},
{"type":"Feature","geometry":{"type":"Polygon","coordinates":[[[75.4514,15.8865],[75.8474,15.8384],[75.8765,15.9319],[76.2817,15.903],[76.2389,16.1656],[75.6333,16.4433],[75.3841,16.7636],[74.988,16.4529],[75.4192,16.0528],[75.4514,15.8865]]]},"properties":{"district":"Bagalkote","dt_code":"556","st_nm":"Karnataka","st_code":"29","year":"2011_c"}},
{"type":"Feature","geometry":{"type":"Polygon","coordinates":[[[73.3472,16.5299],[73.5108,15.9374],[73.6851,15.7284],[74.1179,15.6514],[74.2097,15.7806],[73.9084,16.1367],[73.8319,16.3443],[73.8518,16.6481],[73.468,16.4941],[73.3472,16.5299]]]},"properties":{"district":"Sindhudurg","dt_code":"529","st_nm":"Maharashtra","st_code":"27","year":"2011_c"}},
{"type":"Feature","geometry":{"type":"Polygon","coordinates":[[[80.0726,16.8172],[79.9487,16.6357],[79.6796,16.6935],[79.2575,16.5656],[79.2101,16.3567],[79.2147,16.2261],[79.5373,16.1628],[79.5588,15.9484],[79.8692,15.9167],[79.8784,16.1546],[80.3019,16.0556],[80.4182,15.7985],[80.6797,15.8851],[80.831,15.7064],[80.8953,15.9222],[80.7989,16.2824],[80.4717,16.589],[80.1398,16.6536],[80.0726,16.8172]]]},"properties":{"district":"Guntur","dt_code":"548","st_nm":"Andhra Pradesh","st_code":"37","year":"2011_c"}},
{"type":"Feature","geometry":{"type":"Polygon","coordinates":[[[81.3968,17.818],[81.0849,17.7974],[80.9106,17.6379],[81.5008,17.4812],[81.6155,17.3314],[81.8587,16.5986],[81.7149,16.3113],[82.3144,16.5587],[82.3189,17.0578],[82.5422,17.2489],[82.6034,17.4551],[82.3449,17.495],[82.2287,17.6393],[82.0024,17.6393],[81.9795,18.0132],[81.617,17.8235],[81.3968,17.818]],[[82.1859,16.7375],[82.27,16.7223],[82.2669,16.6948],[82.2394,16.7168],[82.1997,16.721],[82.1859,16.7375]]]},"properties":{"district":"East Godavari","dt_code":"545","st_nm":"Andhra Pradesh","st_code":"37","year":"2011_c"}},
{"type":"Feature","geometry":{"type":"Polygon","coordinates":[[[76.3322,16.1944],[76.2389,16.1656],[76.2817,15.903],[76.4469,15.7339],[76.8108,15.5469],[77.0264,15.837],[77.2482,15.9649],[77.5142,15.9277],[77.5005,16.2219],[77.5938,16.3429],[77.2879,16.4089],[77.0096,16.545],[76.3322,16.1944]]]},"properties":{"district":"Raichur","dt_code":"559","st_nm":"Karnataka","st_code":"29","year":"2011_c"}},
{"type":"Feature","geometry":{"type":"Polygon","coordinates":[[[79.2147,16.2261],[78.9226,16.123],[78.7712,15.6652],[78.759,15.184],[79.0832,15.173],[79.0893,15.0479],[79.2606,15.107],[80.0405,15.0094],[80.123,15.3682],[80.4182,15.7985],[80.3019,16.0556],[79.8784,16.1546],[79.8692,15.9167],[79.5588,15.9484],[79.5373,16.1628],[79.2147,16.2261]]]},"properties":{"district":"Prakasam","dt_code":"549","st_nm":"Andhra Pradesh","st_code":"37","year":"2011_c"}},
{"type":"Feature","geometry":{"type":"Polygon","coordinates":[[[77.0264,15.837],[77.0631,15.3283],[77.1564,15.14],[77.6641,15.2349],[78.0143,15.1125],[78.1336,14.9613],[78.2895,15.0713],[78.6305,14.9255],[78.759,15.184],[78.7712,15.6652],[78.9226,16.123],[78.2559,16.0088],[78.2482,15.9717],[78.0831,15.8411],[77.5142,15.9277],[77.2482,15.9649],[77.0264,15.837]]]},"properties":{"district":"Kurnool","dt_code":"552","st_nm":"Andhra Pradesh","st_code":"37","year":"2011_c"}},
{"type":"Feature","geometry":{"type":"Polygon","coordinates":[[[75.8474,15.8384],[76.0386,15.7683],[75.8245,15.4521],[75.9514,15.1386],[76.4927,15.3448],[76.8108,15.5469],[76.4469,15.7339],[76.2817,15.903],[75.8765,15.9319],[75.8474,15.8384]]]},"properties":{"district":"Koppal","dt_code":"560","st_nm":"Karnataka","st_code":"29","year":"2011_c"}},
{"type":"Feature","geometry":{"type":"Polygon","coordinates":[[[75.2893,15.6913],[75.5538,15.6473],[75.4131,15.2995],[75.4162,15.085],[75.7006,14.9489],[75.9514,15.1386],[75.8245,15.4521],[76.0386,15.7683],[75.8474,15.8384],[75.4514,15.8865],[75.2893,15.6913]]]},"properties":{"district":"Gadag","dt_code":"561","st_nm":"Karnataka","st_code":"29","year":"2011_c"}},
{"type":"Feature","geometry":{"type":"Polygon","coordinates":[[[74.1179,15.6514],[73.6851,15.7284],[73.7662,15.4947],[73.9344,15.4328],[74.2509,15.4919],[74.2785,15.5222],[74.1179,15.6514]]]},"properties":{"district":"North Goa","dt_code":"585","st_nm":"Goa","st_code":"30","year":"2011_c"}},
{"type":"Feature","geometry":{"type":"Polygon","coordinates":[[[76.8108,15.5469],[76.4927,15.3448],[75.9514,15.1386],[75.7006,14.9489],[75.7587,14.7344],[75.8015,14.8692],[76.1288,14.8692],[76.1838,14.7001],[76.5111,14.5599],[76.7603,14.9888],[77.1564,15.14],[77.0631,15.3283],[77.0264,15.837],[76.8108,15.5469]]]},"properties":{"district":"Ballari","dt_code":"565","st_nm":"Karnataka","st_code":"29","year":"2011_c"}},
{"type":"Feature","geometry":{"type":"Polygon","coordinates":[[[74.7388,15.415],[75.0828,15.0754],[75.4162,15.085],[75.4131,15.2995],[75.5538,15.6473],[75.2893,15.6913],[74.8305,15.6102],[74.7388,15.415]]]},"properties":{"district":"Dharwad","dt_code":"562","st_nm":"Karnataka","st_code":"29","year":"2011_c"}},
{"type":"Feature","geometry":{"type":"Polygon","coordinates":[[[74.2785,15.5222],[74.2509,15.4919],[74.3228,15.3682],[74.2968,15.041],[74.0858,14.9008],[74.2632,14.7193],[74.5155,13.9866],[74.5828,13.9261],[74.6669,13.9866],[74.6654,14.1845],[74.8901,14.2162],[74.9009,14.5296],[75.0507,14.6492],[75.0828,15.0754],[74.7388,15.415],[74.6134,15.3586],[74.2785,15.5222]]]},"properties":{"district":"Uttara Kannada","dt_code":"563","st_nm":"Karnataka","st_code":"29","year":"2011_c"}},
{"type":"Feature","geometry":{"type":"Polygon","coordinates":[[[73.9344,15.4328],[73.8839,15.3545],[74.0858,14.9008],[74.2968,15.041],[74.3228,15.3682],[74.2509,15.4919],[73.9344,15.4328]]]},"properties":{"district":"South Goa","dt_code":"586","st_nm":"Goa","st_code":"30","year":"2011_c"}},
{"type":"Feature","geometry":{"type":"Polygon","coordinates":[[[75.4162,15.085],[75.0828,15.0754],[75.0507,14.6492],[75.1883,14.6231],[75.3489,14.388],[75.5324,14.278],[75.7587,14.7344],[75.7006,14.9489],[75.4162,15.085]]]},"properties":{"district":"Haveri","dt_code":"564","st_nm":"Karnataka","st_code":"29","year":"2011_c"}},
{"type":"Feature","geometry":{"type":"Polygon","coordinates":[[[77.1564,15.14],[76.7603,14.9888],[76.7649,14.6025],[77.005,14.2354],[77.1381,14.3371],[77.3644,14.2753],[77.3216,14.0306],[77.028,14.0622],[77.0035,14.1983],[76.9484,14.0952],[77.0417,13.933],[77.4332,13.8436],[77.4561,13.6828],[77.9699,13.9591],[78.1259,13.7872],[78.4654,13.9948],[78.421,14.2835],[78.0005,14.4884],[78.1351,14.6946],[78.1336,14.9613],[78.0143,15.1125],[77.6641,15.2349],[77.1564,15.14]]]},"properties":{"district":"Anantapur","dt_code":"553","st_nm":"Andhra Pradesh","st_code":"37","year":"2011_c"}},
{"type":"Feature","geometry":{"type":"Polygon","coordinates":[[[80.2683,13.5645],[80.1307,14.2285],[80.1964,14.586],[80.0405,15.0094],[79.2606,15.107],[79.0893,15.0479],[79.2422,14.5928],[79.4349,14.2437],[79.4456,13.8917],[79.9563,13.7075],[80.0374,13.5384],[80.2683,13.5645]]]},"properties":{"district":"S.P.S. Nellore","dt_code":"550","st_nm":"Andhra Pradesh","st_code":"37","year":"2011_c"}},
{"type":"Feature","geometry":{"type":"Polygon","coordinates":[[[76.5111,14.5599],[76.4591,14.4513],[76.1364,14.4265],[76.0294,13.8986],[76.3536,13.5797],[76.6212,13.7336],[76.9484,14.0952],[77.0035,14.1983],[77.005,14.2354],[76.7649,14.6025],[76.7603,14.9888],[76.5111,14.5599]]]},"properties":{"district":"Chitradurga","dt_code":"566","st_nm":"Karnataka","st_code":"29","year":"2011_c"}},
{"type":"Feature","geometry":{"type":"Polygon","coordinates":[[[75.7587,14.7344],[75.5324,14.278],[75.6043,14.0567],[75.8061,14.0979],[75.878,13.8106],[76.0294,13.8986],[76.1364,14.4265],[76.4591,14.4513],[76.5111,14.5599],[76.1838,14.7001],[76.1288,14.8692],[75.8015,14.8692],[75.7587,14.7344]]]},"properties":{"district":"Davanagere","dt_code":"567","st_nm":"Karnataka","st_code":"29","year":"2011_c"}},
{"type":"Feature","geometry":{"type":"Polygon","coordinates":[[[74.6669,13.9866],[74.9085,13.8574],[75.1409,13.4614],[75.4192,13.7061],[75.878,13.8106],[75.8061,14.0979],[75.6043,14.0567],[75.5324,14.278],[75.3489,14.388],[75.1883,14.6231],[75.0507,14.6492],[74.9009,14.5296],[74.8901,14.2162],[74.6654,14.1845],[74.6669,13.9866]]]},"properties":{"district":"Shivamogga","dt_code":"568","st_nm":"Karnataka","st_code":"29","year":"2011_c"}},
{"type":"Feature","geometry":{"type":"Polygon","coordinates":[[[74.5828,13.9261],[74.777,13.071],[75.2052,13.1769],[75.1409,13.4614],[74.9085,13.8574],[74.6669,13.9866],[74.5828,13.9261]]]},"properties":{"district":"Udupi","dt_code":"569","st_nm":"Karnataka","st_code":"29","year":"2011_c"}},
{"type":"Feature","geometry":{"type":"Polygon","coordinates":[[[76.0294,13.8986],[75.878,13.8106],[75.4192,13.7061],[75.1409,13.4614],[75.2052,13.1769],[75.5156,13.0655],[75.5584,12.9156],[75.7281,13.1837],[76.3643,13.5467],[76.3536,13.5797],[76.0294,13.8986]]]},"properties":{"district":"Chikkamagaluru","dt_code":"570","st_nm":"Karnataka","st_code":"29","year":"2011_c"}},
{"type":"Feature","geometry":{"type":"Polygon","coordinates":[[[77.4561,13.6828],[77.3858,13.5137],[77.9348,13.2456],[78.1336,13.2882],[78.1963,13.5687],[78.1259,13.7872],[77.9699,13.9591],[77.4561,13.6828]]]},"properties":{"district":"Chikkaballapura","dt_code":"582","st_nm":"Karnataka","st_code":"29","year":"2011_c"}},
{"type":"Feature","geometry":{"type":"Polygon","coordinates":[[[75.5584,12.9156],[75.667,12.6971],[76.0187,12.5706],[76.3429,12.6558],[76.3857,12.8455],[76.6319,13.0036],[76.3704,13.2002],[76.3643,13.5467],[75.7281,13.1837],[75.5584,12.9156]]]},"properties":{"district":"Hassan","dt_code":"574","st_nm":"Karnataka","st_code":"29","year":"2011_c"}},
{"type":"Feature","geometry":{"type":"Polygon","coordinates":[[[78.2314,12.7603],[78.4669,12.9748],[78.5862,13.2758],[78.3645,13.3624],[78.1963,13.5687],[78.1336,13.2882],[77.9348,13.2456],[77.8659,12.8703],[78.2314,12.7603]]]},"properties":{"district":"Kolar","dt_code":"581","st_nm":"Karnataka","st_code":"29","year":"2011_c"}},
{"type":"Feature","geometry":{"type":"Polygon","coordinates":[[[77.8659,12.8703],[77.9348,13.2456],[77.3858,13.5137],[77.2038,13.1851],[77.3307,12.9748],[77.4806,13.2236],[77.7253,13.1933],[77.8308,12.8662],[77.8659,12.8703]]]},"properties":{"district":"Bengaluru Rural","dt_code":"583","st_nm":"Karnataka","st_code":"29","year":"2011_c"}},
{"type":"Feature","geometry":{"type":"Polygon","coordinates":[[[74.777,13.071],[74.8687,12.7589],[75.4162,12.4991],[75.67,12.5513],[75.667,12.6971],[75.5584,12.9156],[75.5156,13.0655],[75.2052,13.1769],[74.777,13.071]]]},"properties":{"district":"Dakshina Kannada","dt_code":"575","st_nm":"Karnataka","st_code":"29","year":"2011_c"}},
{"type":"Feature","geometry":{"type":"Polygon","coordinates":[[[77.8308,12.8662],[77.7253,13.1933],[77.4806,13.2236],[77.3307,12.9748],[77.6014,12.6682],[77.8308,12.8662]]]},"properties":{"district":"Bengaluru Urban","dt_code":"572","st_nm":"Karnataka","st_code":"29","year":"2011_c"}},
{"type":"Feature","geometry":{"type":"Polygon","coordinates":[[[74.8687,12.7589],[75.1654,12.0894],[75.4147,12.2901],[75.4162,12.4991],[74.8687,12.7589]]]},"properties":{"district":"Kasaragod","dt_code":"588","st_nm":"Kerala","st_code":"32","year":"2011_c"}},
{"type":"Feature","geometry":{"type":"Polygon","coordinates":[[[75.667,12.6971],[75.67,12.5513],[75.4162,12.4991],[75.4147,12.2901],[75.9361,11.9409],[76.1135,11.9794],[76.1334,12.1912],[75.9086,12.3987],[76.0187,12.5706],[75.667,12.6971]]]},"properties":{"district":"Kodagu","dt_code":"576","st_nm":"Karnataka","st_code":"29","year":"2011_c"}},
{"type":"Feature","geometry":{"type":"Polygon","coordinates":[[[77.7467,12.1554],[77.4714,12.2434],[77.3261,12.308],[77.109,12.2406],[76.9148,12.0262],[76.5768,11.9231],[76.4132,11.7581],[76.4178,11.6715],[76.8475,11.5945],[76.9087,11.7952],[77.2925,11.809],[77.6763,11.9519],[77.7467,12.1554]]]},"properties":{"district":"Chamarajanagara","dt_code":"578","st_nm":"Karnataka","st_code":"29","year":"2011_c"}},
{"type":"Feature","geometry":{"type":"Polygon","coordinates":[[[76.4178,11.6715],[76.4132,11.7581],[76.1135,11.9794],[75.9361,11.9409],[75.7939,11.7897],[75.9086,11.6],[76.1426,11.4502],[76.2343,11.5271],[76.4178,11.6715]]]},"properties":{"district":"Wayanad","dt_code":"590","st_nm":"Kerala","st_code":"32","year":"2011_c"}},
{"type":"Feature","geometry":{"type":"Polygon","coordinates":[[[75.7939,11.7897],[75.5538,11.7017],[75.826,11.123],[76.0829,11.3072],[76.1426,11.4502],[75.9086,11.6],[75.7939,11.7897]]]},"properties":{"district":"Kozhikode","dt_code":"591","st_nm":"Kerala","st_code":"32","year":"2011_c"}},
{"type":"Feature","geometry":{"type":"Polygon","coordinates":[[[76.0691,10.7298],[76.3199,10.936],[76.4423,11.2013],[76.5478,11.3594],[76.2343,11.5271],[76.1426,11.4502],[76.0829,11.3072],[75.826,11.123],[75.9575,10.6858],[76.0691,10.7298]]]},"properties":{"district":"Malappuram","dt_code":"592","st_nm":"Kerala","st_code":"32","year":"2011_c"}},
{"type":"Feature","geometry":{"type":"Polygon","coordinates":[[[76.4423,11.2013],[76.3199,10.936],[76.0691,10.7298],[76.4683,10.7518],[76.4132,10.5951],[76.6227,10.3792],[76.8337,10.3394],[76.9071,10.782],[76.6564,10.9388],[76.7068,11.2398],[76.4423,11.2013]]]},"properties":{"district":"Palakkad","dt_code":"593","st_nm":"Kerala","st_code":"32","year":"2011_c"}},
{"type":"Feature","geometry":{"type":"Polygon","coordinates":[[[76.8337,10.3394],[76.6227,10.3792],[76.4132,10.5951],[76.4683,10.7518],[76.0691,10.7298],[75.9575,10.6858],[76.2144,10.1936],[76.4147,10.294],[76.8919,10.2596],[76.8337,10.3394]]]},"properties":{"district":"Thrissur","dt_code":"594","st_nm":"Kerala","st_code":"32","year":"2011_c"}},
{"type":"Feature","geometry":{"type":"Polygon","coordinates":[[[77.0509,10.2624],[76.6288,9.8541],[76.8873,9.7166],[76.9729,9.4664],[77.2099,9.4485],[77.2818,9.2987],[77.3399,9.4196],[77.4026,9.5255],[77.1671,9.6121],[77.268,10.1221],[77.2879,10.2321],[77.0906,10.3146],[77.0509,10.2624]]]},"properties":{"district":"Idukki","dt_code":"596","st_nm":"Kerala","st_code":"32","year":"2011_c"}},
{"type":"Feature","geometry":{"type":"Polygon","coordinates":[[[77.0509,10.2624],[76.8919,10.2596],[76.4147,10.294],[76.2144,10.1936],[76.2802,9.7895],[76.3735,9.8362],[76.6288,9.8541],[77.0509,10.2624]]]},"properties":{"district":"Ernakulam","dt_code":"595","st_nm":"Kerala","st_code":"32","year":"2011_c"}},
{"type":"Feature","geometry":{"type":"Polygon","coordinates":[[[76.2802,9.7895],[76.3199,9.4829],[76.479,9.1227],[76.6334,9.1392],[76.5141,9.4004],[76.3918,9.5475],[76.3735,9.8362],[76.2802,9.7895]]]},"properties":{"district":"Alappuzha","dt_code":"598","st_nm":"Kerala","st_code":"32","year":"2011_c"}},
{"type":"Feature","geometry":{"type":"Polygon","coordinates":[[[76.6288,9.8541],[76.3735,9.8362],[76.3918,9.5475],[76.5141,9.4004],[76.6426,9.4788],[76.9729,9.4664],[76.8873,9.7166],[76.6288,9.8541]]]},"properties":{"district":"Kottayam","dt_code":"597","st_nm":"Kerala","st_code":"32","year":"2011_c"}},
{"type":"Feature","geometry":{"type":"Polygon","coordinates":[[[77.2818,9.2987],[77.2099,9.4485],[76.9729,9.4664],[76.6426,9.4788],[76.5141,9.4004],[76.6334,9.1392],[76.9301,9.1736],[77.2038,9.0705],[77.2818,9.2987]]]},"properties":{"district":"Pathanamthitta","dt_code":"599","st_nm":"Kerala","st_code":"32","year":"2011_c"}},
{"type":"Feature","geometry":{"type":"Polygon","coordinates":[[[77.2038,9.0705],[76.9301,9.1736],[76.6334,9.1392],[76.479,9.1227],[76.6824,8.7763],[76.8154,8.8587],[77.1992,8.7708],[77.2558,8.8794],[77.2038,9.0705]]]},"properties":{"district":"Kollam","dt_code":"600","st_nm":"Kerala","st_code":"32","year":"2011_c"}},
{"type":"Feature","geometry":{"type":"Polygon","coordinates":[[[77.0983,8.2924],[77.2696,8.5783],[77.1992,8.7708],[76.8154,8.8587],[76.6824,8.7763],[77.0983,8.2924]]]},"properties":{"district":"Thiruvananthapuram","dt_code":"601","st_nm":"Kerala","st_code":"32","year":"2011_c"}},
{"type":"Feature","geometry":{"type":"Polygon","coordinates":[[[81.5528,16.347],[81.7149,16.3113],[81.8587,16.5986],[81.6155,17.3314],[81.5008,17.4812],[80.9106,17.6379],[81.3097,17.4097],[81.1736,17.231],[80.9411,17.2186],[80.8769,17.0702],[81.1889,16.622],[81.5528,16.347]]]},"properties":{"district":"West Godavari","dt_code":"546","st_nm":"Andhra Pradesh","st_code":"37","year":"2011_c"}},
{"type":"Feature","geometry":{"type":"Polygon","coordinates":[[[81.1292,19.256],[81.2363,18.9673],[81.1828,18.5411],[81.3693,18.4325],[81.5696,18.7405],[81.6736,18.6525],[81.5024,19.2038],[81.3754,19.3055],[81.3433,19.3193],[81.1292,19.256]]]},"properties":{"district":"Dakshin Bastar Dantewada","dt_code":"416","st_nm":"Chhattisgarh","st_code":"22","year":"2011_c"}},
{"type":"Feature","geometry":{"type":"Polygon","coordinates":[[[82.0284,19.5076],[81.8632,19.5516],[81.536,19.223],[81.3754,19.3055],[81.5024,19.2038],[81.6736,18.6525],[81.8999,18.6607],[82.0911,18.7377],[82.2455,18.9192],[82.2058,19.1213],[82.189,19.4279],[82.0284,19.5076]]]},"properties":{"district":"Bastar","dt_code":"414","st_nm":"Chhattisgarh","st_code":"22","year":"2011_c"}},
{"type":"Feature","geometry":{"type":"Polygon","coordinates":[[[81.3739,19.7798],[81.4855,19.6877],[81.3433,19.3193],[81.3754,19.3055],[81.536,19.223],[81.8632,19.5516],[82.0284,19.5076],[82.0651,19.7908],[81.8755,20.052],[81.8143,20.1675],[81.5849,20.195],[81.2913,20.0218],[81.3739,19.7798]]]},"properties":{"district":"Kondagaon","dt_code":"722","st_nm":"Chhattisgarh","st_code":"22","year":"update2014"}},
{"type":"Feature","geometry":{"type":"Polygon","coordinates":[[[81.9886,21.0831],[81.8663,20.9621],[82.1079,20.2912],[82.0177,20.0493],[82.4459,19.9104],[82.5942,19.7757],[82.7181,19.9888],[82.3985,20.0561],[82.4382,20.4342],[82.3388,20.8741],[81.9886,21.0831]]]},"properties":{"district":"Gariaband","dt_code":"720","st_nm":"Chhattisgarh","st_code":"22","year":"update2014"}},
{"type":"Feature","geometry":{"type":"Polygon","coordinates":[[[82.1935,21.3786],[81.695,21.6013],[81.5543,21.3319],[81.6125,21.0226],[81.8663,20.9621],[81.9886,21.0831],[82.1935,21.3786]]]},"properties":{"district":"Raipur","dt_code":"410","st_nm":"Chhattisgarh","st_code":"22","year":"2011_c"}},
{"type":"Feature","geometry":{"type":"Polygon","coordinates":[[[81.5543,21.3319],[81.3556,21.5436],[81.2042,21.5175],[81.1552,21.0762],[81.4198,21.0061],[81.4718,20.87],[81.6125,21.0226],[81.5543,21.3319]]]},"properties":{"district":"Durg","dt_code":"409","st_nm":"Chhattisgarh","st_code":"22","year":"2011_c"}},
{"type":"Feature","geometry":{"type":"Polygon","coordinates":[[[73.4848,19.7248],[72.7982,19.3041],[72.7845,19.2643],[72.9802,19.1543],[72.9557,18.9879],[73.5261,19.1295],[73.78,19.3866],[73.6163,19.586],[73.4848,19.7248]]]},"properties":{"district":"Thane","dt_code":"517","st_nm":"Maharashtra","st_code":"27","year":"2011_c"}},
{"type":"Feature","geometry":{"type":"Polygon","coordinates":[[[78.8416,19.7619],[78.4317,19.8142],[78.3064,19.9118],[78.3094,19.4815],[78.1932,19.3165],[78.3889,19.1763],[78.6749,19.3165],[78.8553,19.278],[78.9364,19.5502],[78.8416,19.7619]]]},"properties":{"district":"Adilabad","dt_code":"532","st_nm":"Telangana","st_code":"36","year":"2016_c"}},
{"type":"Feature","geometry":{"type":"Polygon","coordinates":[[[78.5281,17.374],[78.4073,17.4386],[78.4516,17.3231],[78.5281,17.374]]]},"properties":{"district":"Hyderabad","dt_code":"536","st_nm":"Telangana","st_code":"36","year":"2016_c"}},
{"type":"Feature","geometry":{"type":"Polygon","coordinates":[[[79.3019,18.8161],[78.9471,19.0732],[78.5357,18.9481],[78.6703,18.6236],[78.9578,18.5769],[79.1107,18.6607],[79.3019,18.8161]]]},"properties":{"district":"Jagtial","dt_code":"737","st_nm":"Telangana","st_code":"36","year":"2016_c"}},
{"type":"Feature","geometry":{"type":"Polygon","coordinates":[[[79.5144,17.7947],[79.2285,17.9912],[78.8676,17.8249],[79.3707,17.4826],[79.5389,17.5238],[79.5725,17.6214],[79.5144,17.7947]]]},"properties":{"district":"Jangaon","dt_code":"752","st_nm":"Telangana","st_code":"36","year":"2016_c"}},
{"type":"Feature","geometry":{"type":"Polygon","coordinates":[[[80.3723,18.6113],[80.2163,18.3899],[79.9227,18.4064],[79.8401,18.1328],[79.9915,18.1081],[80.2698,17.9431],[80.3922,18.082],[80.7561,18.17],[80.7056,18.4394],[80.3723,18.6113]]]},"properties":{"district":"Mulugu","dt_code":"780","st_nm":"Telangana","st_code":"36","year":"2019"}},
{"type":"Feature","geometry":{"type":"Polygon","coordinates":[[[77.5142,15.9277],[78.0831,15.8411],[78.2482,15.9717],[77.661,16.3622],[77.5938,16.3429],[77.5005,16.2219],[77.5142,15.9277]]]},"properties":{"district":"Jogulamba Gadwal","dt_code":"744","st_nm":"Telangana","st_code":"36","year":"2016_c"}},
{"type":"Feature","geometry":{"type":"Polygon","coordinates":[[[77.5509,18.2923],[77.6014,18.2758],[77.8981,18.0916],[78.0709,18.06],[78.314,18.1796],[78.5678,18.1837],[78.5678,18.2222],[78.5296,18.4655],[78.2605,18.4532],[77.739,18.5563],[77.5509,18.2923]]]},"properties":{"district":"Kamareddy","dt_code":"736","st_nm":"Telangana","st_code":"36","year":"2016_c"}},
{"type":"Feature","geometry":{"type":"Polygon","coordinates":[[[78.9578,18.5769],[79.019,18.3171],[79.3019,18.1301],[79.5633,18.2634],[79.5664,18.4243],[79.3064,18.4807],[79.1107,18.6607],[78.9578,18.5769]]]},"properties":{"district":"Karimnagar","dt_code":"534","st_nm":"Telangana","st_code":"36","year":"2016_c"}},
{"type":"Feature","geometry":{"type":"Polygon","coordinates":[[[80.8769,17.0702],[80.9411,17.2186],[80.5007,17.3671],[80.3692,17.5678],[80.2025,17.5582],[80.1093,17.3589],[79.8034,17.3231],[80.0557,16.9712],[80.5695,16.7677],[80.5053,17.0688],[80.8769,17.0702]]]},"properties":{"district":"Khammam","dt_code":"541","st_nm":"Telangana","st_code":"36","year":"2016_c"}},
{"type":"Feature","geometry":{"type":"Polygon","coordinates":[[[79.8065,19.5791],[79.4716,19.5007],[79.2529,19.5928],[78.9364,19.5502],[78.8553,19.278],[78.9532,19.2491],[79.2667,19.0333],[79.3508,19.2106],[79.9288,19.1584],[79.9778,19.399],[79.8065,19.5791]]]},"properties":{"district":"Komaram Bheem","dt_code":"733","st_nm":"Telangana","st_code":"36","year":"2016_c"}},
{"type":"Feature","geometry":{"type":"Polygon","coordinates":[[[79.5389,17.5238],[79.8034,17.3231],[80.1093,17.3589],[80.2025,17.5582],[80.2698,17.9431],[79.9915,18.1081],[79.8936,17.73],[79.5725,17.6214],[79.5389,17.5238]]]},"properties":{"district":"Mahabubabad","dt_code":"751","st_nm":"Telangana","st_code":"36","year":"2016_c"}},
{"type":"Feature","geometry":{"type":"Polygon","coordinates":[[[77.7513,16.4034],[78.1213,16.5931],[78.3492,16.7801],[78.2758,16.9231],[77.999,16.9794],[77.7604,17.0028],[77.7513,16.4034]]]},"properties":{"district":"Mahabubnagar","dt_code":"538","st_nm":"Telangana","st_code":"36","year":"2016_c"}},
{"type":"Feature","geometry":{"type":"Polygon","coordinates":[[[79.9288,19.1584],[79.3508,19.2106],[79.2667,19.0333],[78.9532,19.2491],[78.9471,19.0732],[79.3019,18.8161],[79.4303,18.8477],[79.6796,18.6731],[79.8095,18.7034],[79.9135,18.8257],[79.9288,19.1584]]]},"properties":{"district":"Mancherial","dt_code":"735","st_nm":"Telangana","st_code":"36","year":"2016_c"}},
{"type":"Feature","geometry":{"type":"Polygon","coordinates":[[[77.8981,18.0916],[77.9363,17.8895],[78.4486,17.7039],[78.499,17.686],[78.5678,18.1837],[78.314,18.1796],[78.0709,18.06],[77.8981,18.0916]]]},"properties":{"district":"Medak","dt_code":"535","st_nm":"Telangana","st_code":"36","year":"2016_c"}},
{"type":"Feature","geometry":{"type":"Polygon","coordinates":[[[78.5281,17.374],[78.7376,17.3864],[78.7238,17.6682],[78.499,17.686],[78.4486,17.7039],[78.3476,17.5225],[78.4073,17.4386],[78.5281,17.374]]]},"properties":{"district":"Medchal Malkajgiri","dt_code":"742","st_nm":"Telangana","st_code":"36","year":"2016_c"}},
{"type":"Feature","geometry":{"type":"Polygon","coordinates":[[[79.2101,16.3567],[78.8553,16.5505],[78.7544,16.7498],[78.3492,16.7801],[78.1213,16.5931],[78.314,16.38],[78.1963,16.2082],[78.2559,16.0088],[78.9226,16.123],[79.2147,16.2261],[79.2101,16.3567]]]},"properties":{"district":"Nagarkurnool","dt_code":"746","st_nm":"Telangana","st_code":"36","year":"2016_c"}},
{"type":"Feature","geometry":{"type":"Polygon","coordinates":[[[79.6796,16.6935],[79.5924,17.0839],[79.4502,17.3451],[78.9823,17.2791],[78.8416,17.0715],[78.7544,16.7498],[78.8553,16.5505],[79.2101,16.3567],[79.2575,16.5656],[79.6796,16.6935]]]},"properties":{"district":"Nalgonda","dt_code":"539","st_nm":"Telangana","st_code":"36","year":"2016_c"}},
{"type":"Feature","geometry":{"type":"Polygon","coordinates":[[[77.9485,18.8436],[78.2406,19.0168],[78.5357,18.9481],[78.9471,19.0732],[78.9532,19.2491],[78.8553,19.278],[78.6749,19.3165],[78.3889,19.1763],[78.1932,19.3165],[77.8629,19.3041],[77.7971,19.0732],[77.9485,18.8436]]]},"properties":{"district":"Nirmal","dt_code":"734","st_nm":"Telangana","st_code":"36","year":"2016_c"}},
{"type":"Feature","geometry":{"type":"Polygon","coordinates":[[[77.739,18.5563],[78.2605,18.4532],[78.5296,18.4655],[78.6703,18.6236],[78.5357,18.9481],[78.2406,19.0168],[77.9485,18.8436],[77.739,18.5563]]]},"properties":{"district":"Nizamabad","dt_code":"533","st_nm":"Telangana","st_code":"36","year":"2016_c"}},
{"type":"Feature","geometry":{"type":"Polygon","coordinates":[[[79.1107,18.6607],[79.3064,18.4807],[79.5664,18.4243],[79.8095,18.7034],[79.6796,18.6731],[79.4303,18.8477],[79.3019,18.8161],[79.1107,18.6607]]]},"properties":{"district":"Peddapalli","dt_code":"738","st_nm":"Telangana","st_code":"36","year":"2016_c"}},
{"type":"Feature","geometry":{"type":"Polygon","coordinates":[[[78.6703,18.6236],[78.5296,18.4655],[78.5678,18.2222],[79.019,18.3171],[78.9578,18.5769],[78.6703,18.6236]]]},"properties":{"district":"Rajanna Sircilla","dt_code":"739","st_nm":"Telangana","st_code":"36","year":"2016_c"}},
{"type":"Feature","geometry":{"type":"Polygon","coordinates":[[[78.4073,17.4386],[78.3476,17.5225],[78.0632,17.4496],[77.999,16.9794],[78.2758,16.9231],[78.3492,16.7801],[78.7544,16.7498],[78.8416,17.0715],[78.7376,17.3864],[78.5281,17.374],[78.4516,17.3231],[78.4073,17.4386]]]},"properties":{"district":"Ranga Reddy","dt_code":"537","st_nm":"Telangana","st_code":"36","year":"2016_c"}},
{"type":"Feature","geometry":{"type":"Polygon","coordinates":[[[77.4439,17.5843],[77.6855,17.5115],[77.8231,17.6324],[78.0632,17.4496],[78.3476,17.5225],[78.4486,17.7039],[77.9363,17.8895],[77.8981,18.0916],[77.6014,18.2758],[77.6564,17.9692],[77.4439,17.5843]]]},"properties":{"district":"Sangareddy","dt_code":"740","st_nm":"Telangana","st_code":"36","year":"2016_c"}},
{"type":"Feature","geometry":{"type":"Polygon","coordinates":[[[79.2285,17.9912],[79.3019,18.1301],[79.019,18.3171],[78.5678,18.2222],[78.5678,18.1837],[78.499,17.686],[78.7238,17.6682],[78.8676,17.8249],[79.2285,17.9912]]]},"properties":{"district":"Siddipet","dt_code":"741","st_nm":"Telangana","st_code":"36","year":"2016_c"}},
{"type":"Feature","geometry":{"type":"Polygon","coordinates":[[[80.0557,16.9712],[79.8034,17.3231],[79.5389,17.5238],[79.3707,17.4826],[79.4502,17.3451],[79.5924,17.0839],[79.6796,16.6935],[79.9487,16.6357],[80.0726,16.8172],[80.0557,16.9712]]]},"properties":{"district":"Suryapet","dt_code":"748","st_nm":"Telangana","st_code":"36","year":"2016_c"}},
{"type":"Feature","geometry":{"type":"Polygon","coordinates":[[[77.4668,16.9547],[77.7604,17.0028],[77.999,16.9794],[78.0632,17.4496],[77.8231,17.6324],[77.6855,17.5115],[77.3797,17.2228],[77.4668,16.9547]]]},"properties":{"district":"Vikarabad","dt_code":"743","st_nm":"Telangana","st_code":"36","year":"2016_c"}},
{"type":"Feature","geometry":{"type":"Polygon","coordinates":[[[78.2559,16.0088],[78.1963,16.2082],[78.314,16.38],[78.1213,16.5931],[77.7513,16.4034],[77.661,16.3622],[78.2482,15.9717],[78.2559,16.0088]]]},"properties":{"district":"Wanaparthy","dt_code":"745","st_nm":"Telangana","st_code":"36","year":"2016_c"}},
{"type":"Feature","geometry":{"type":"Polygon","coordinates":[[[79.5725,17.6214],[79.8936,17.73],[79.9915,18.1081],[79.8401,18.1328],[79.5786,18.2428],[79.6719,18.027],[79.5144,17.7947],[79.5725,17.6214]]]},"properties":{"district":"Warangal Rural","dt_code":"749","st_nm":"Telangana","st_code":"36","year":"2016_c"}},
{"type":"Feature","geometry":{"type":"Polygon","coordinates":[[[79.5144,17.7947],[79.6719,18.027],[79.5786,18.2428],[79.5633,18.2634],[79.3019,18.1301],[79.2285,17.9912],[79.5144,17.7947]]]},"properties":{"district":"Warangal Urban","dt_code":"540","st_nm":"Telangana","st_code":"36","year":"2016_c"}},
{"type":"Feature","geometry":{"type":"Polygon","coordinates":[[[78.8676,17.8249],[78.7238,17.6682],[78.7376,17.3864],[78.8416,17.0715],[78.9823,17.2791],[79.4502,17.3451],[79.3707,17.4826],[78.8676,17.8249]]]},"properties":{"district":"Yadadri Bhuvanagiri","dt_code":"747","st_nm":"Telangana","st_code":"36","year":"2016_c"}},
{"type":"Feature","geometry":{"type":"Polygon","coordinates":[[[88.0824,22.2612],[88.1834,22.187],[88.2078,22.0261],[88.1451,21.9547],[88.2675,21.7278],[88.4449,21.9175],[89.0688,21.9492],[89.055,22.1279],[88.8042,22.3286],[88.6238,22.5802],[88.4143,22.5568],[88.2384,22.5444],[88.0824,22.2612]]]},"properties":{"district":"South 24 Parganas","dt_code":"343","st_nm":"West Bengal","st_code":"19","year":"2011_c"}},
{"type":"Feature","geometry":{"type":"Polygon","coordinates":[[[71.3929,21.9808],[71.0305,21.8735],[70.7935,21.666],[70.9234,21.4625],[70.8546,21.1669],[71.1345,21.0679],[71.2063,20.7957],[71.6773,20.9965],[71.5259,21.1862],[71.6253,21.3278],[71.4785,21.4817],[71.5902,21.688],[71.3929,21.9808]]]},"properties":{"district":"Amreli","dt_code":"480","st_nm":"Gujarat","st_code":"24","year":"2011_c"}},
{"type":"Feature","geometry":{"type":"Polygon","coordinates":[[[85.3941,21.1834],[85.3345,21.4817],[85.1908,21.6605],[85.1449,21.5945],[85.1541,21.4625],[84.8773,21.1642],[84.7442,21.1697],[84.2794,20.9222],[84.2671,20.881],[84.3604,20.7655],[84.7672,20.6033],[84.8482,20.5277],[85.1265,20.6156],[85.255,20.7957],[85.2305,21.0721],[85.3941,21.1834]]]},"properties":{"district":"Angul","dt_code":"384","st_nm":"Odisha","st_code":"21","year":"2011_c"}},
{"type":"Feature","geometry":{"type":"MultiPolygon","coordinates":[[[[73.8488,20.9992],[73.8075,21.0088],[73.8488,20.9978],[73.8488,20.9992]]],[[[73.942,20.8397],[73.8885,20.9332],[73.5643,21.0102],[73.4955,20.8191],[73.4741,20.7201],[73.7448,20.5648],[73.942,20.8397]]]]},"properties":{"district":"Dang","dt_code":"489","st_nm":"Gujarat","st_code":"24","year":"2011_c"}},
{"type":"Feature","geometry":{"type":"Polygon","coordinates":[[[81.8143,20.1675],[81.8755,20.052],[82.0177,20.0493],[82.1079,20.2912],[81.8663,20.9621],[81.6125,21.0226],[81.4718,20.87],[81.4106,20.5538],[81.692,20.4809],[81.8143,20.1675]]]},"properties":{"district":"Dhamtari","dt_code":"412","st_nm":"Chhattisgarh","st_code":"22","year":"2011_c"}},
{"type":"Feature","geometry":{"type":"Polygon","coordinates":[[[86.6221,20.7957],[86.2795,20.5813],[86.249,20.3654],[86.7765,20.3352],[86.8056,20.7353],[86.6221,20.7957]]]},"properties":{"district":"Kendrapara","dt_code":"379","st_nm":"Odisha","st_code":"21","year":"2011_c"}},
{"type":"Feature","geometry":{"type":"Polygon","coordinates":[[[72.9618,20.2087],[73.2111,20.1207],[73.0429,20.3256],[72.9618,20.2087]]]},"properties":{"district":"Dadra and Nagar Haveli","dt_code":"496","st_nm":"Dadra and Nagar Haveli and Daman and Diu","st_code":"26","year":"2011_c"}},
{"type":"Feature","geometry":{"type":"Polygon","coordinates":[[[73.2111,20.1207],[72.9618,20.2087],[72.7753,20.1317],[72.6545,19.8362],[72.7982,19.3041],[73.4848,19.7248],[73.4068,20.019],[73.2493,20.1221],[73.2111,20.1207]]]},"properties":{"district":"Palghar","dt_code":"732","st_nm":"Maharashtra","st_code":"27","year":"update2014"}},
{"type":"Feature","geometry":{"type":"Polygon","coordinates":[[[84.2335,19.5736],[84.4017,19.575],[84.3543,19.0086],[84.4231,18.9494],[84.7014,19.1185],[85.1724,19.4677],[85.1831,19.6726],[84.94,19.898],[84.7045,20.2788],[84.5867,20.1744],[84.1845,19.8609],[84.2335,19.5736]]]},"properties":{"district":"Ganjam","dt_code":"388","st_nm":"Odisha","st_code":"21","year":"2011_c"}},
{"type":"Feature","geometry":{"type":"Polygon","coordinates":[[[83.9399,19.6354],[84.0332,19.1323],[83.7931,19.0182],[83.8909,18.8161],[84.3191,18.7886],[84.4231,18.9494],[84.3543,19.0086],[84.4017,19.575],[84.2335,19.5736],[83.9399,19.6354]]]},"properties":{"district":"Gajapati","dt_code":"389","st_nm":"Odisha","st_code":"21","year":"2011_c"}},
{"type":"Feature","geometry":{"type":"Polygon","coordinates":[[[78.759,15.184],[78.6305,14.9255],[78.2895,15.0713],[78.1336,14.9613],[78.1351,14.6946],[78.0005,14.4884],[78.421,14.2835],[78.4654,13.9948],[78.6428,13.8684],[79.1489,13.8656],[79.3064,13.724],[79.4456,13.8917],[79.4349,14.2437],[79.2422,14.5928],[79.0893,15.0479],[79.0832,15.173],[78.759,15.184]]]},"properties":{"district":"Y.S.R. Kadapa","dt_code":"551","st_nm":"Andhra Pradesh","st_code":"37","year":"2011_c"}},
{"type":"Feature","geometry":{"type":"MultiPolygon","coordinates":[[[[76.9484,14.0952],[76.6212,13.7336],[76.3536,13.5797],[76.3643,13.5467],[76.3704,13.2002],[76.6319,13.0036],[76.8536,12.9789],[77.0769,12.7493],[77.2038,13.1851],[77.3858,13.5137],[77.4561,13.6828],[77.4332,13.8436],[77.0417,13.933],[76.9484,14.0952]]],[[[77.005,14.2354],[77.0035,14.1983],[77.028,14.0622],[77.3216,14.0306],[77.3644,14.2753],[77.1381,14.3371],[77.005,14.2354]]]]},"properties":{"district":"Tumakuru","dt_code":"571","st_nm":"Karnataka","st_code":"29","year":"2011_c"}},
{"type":"Feature","geometry":{"type":"Polygon","coordinates":[[[79.2835,13.1232],[79.5343,13.2758],[79.9456,13.3638],[80.0374,13.5384],[79.9563,13.7075],[79.4456,13.8917],[79.3064,13.724],[79.1489,13.8656],[78.6428,13.8684],[78.4654,13.9948],[78.1259,13.7872],[78.1963,13.5687],[78.3645,13.3624],[78.5862,13.2758],[78.4669,12.9748],[78.2314,12.7603],[78.4119,12.627],[78.603,12.8442],[78.6214,12.9913],[78.892,13.0957],[79.1627,13.0201],[79.2285,13.1576],[79.2835,13.1232]]]},"properties":{"district":"Chittoor","dt_code":"554","st_nm":"Andhra Pradesh","st_code":"37","year":"2011_c"}},
{"type":"Feature","geometry":{"type":"Polygon","coordinates":[[[77.6014,12.6682],[77.3307,12.9748],[77.2038,13.1851],[77.0769,12.7493],[77.1258,12.4826],[77.3261,12.308],[77.4714,12.2434],[77.6152,12.3671],[77.6014,12.6682]]]},"properties":{"district":"Ramanagara","dt_code":"584","st_nm":"Karnataka","st_code":"29","year":"2011_c"}},
{"type":"Feature","geometry":{"type":"Polygon","coordinates":[[[76.3429,12.6558],[76.4514,12.484],[76.7313,12.3424],[76.9377,12.4001],[77.109,12.2406],[77.3261,12.308],[77.1258,12.4826],[77.0769,12.7493],[76.8536,12.9789],[76.6319,13.0036],[76.3857,12.8455],[76.3429,12.6558]]]},"properties":{"district":"Mandya","dt_code":"573","st_nm":"Karnataka","st_code":"29","year":"2011_c"}},
{"type":"Feature","geometry":{"type":"Polygon","coordinates":[[[76.0187,12.5706],[75.9086,12.3987],[76.1334,12.1912],[76.1135,11.9794],[76.4132,11.7581],[76.5768,11.9231],[76.9148,12.0262],[77.109,12.2406],[76.9377,12.4001],[76.7313,12.3424],[76.4514,12.484],[76.3429,12.6558],[76.0187,12.5706]]]},"properties":{"district":"Mysuru","dt_code":"577","st_nm":"Karnataka","st_code":"29","year":"2011_c"}},
{"type":"Feature","geometry":{"type":"Polygon","coordinates":[[[75.1654,12.0894],[75.5538,11.7017],[75.7939,11.7897],[75.9361,11.9409],[75.4147,12.2901],[75.1654,12.0894]],[[75.5553,11.7224],[75.537,11.7196],[75.5416,11.7389],[75.5553,11.7224]]]},"properties":{"district":"Kannur","dt_code":"589","st_nm":"Kerala","st_code":"32","year":"2011_c"}},
{"type":"Feature","geometry":{"type":"Polygon","coordinates":[[[79.6857,11.8805],[79.808,11.8447],[79.8401,11.9561],[79.6857,11.8805]]]},"properties":{"district":"Puducherry","dt_code":"635","st_nm":"Puducherry","st_code":"34","year":"2011_c"}},
{"type":"Feature","geometry":{"type":"Polygon","coordinates":[[[81.4106,20.5538],[81.4718,20.87],[81.4198,21.0061],[81.1552,21.0762],[80.9534,21.0033],[80.9213,20.782],[80.9916,20.4589],[81.1491,20.3764],[81.4106,20.5538]]]},"properties":{"district":"Balod","dt_code":"719","st_nm":"Chhattisgarh","st_code":"22","year":"update2014"}},
{"type":"Feature","geometry":{"type":"Polygon","coordinates":[[[81.0849,17.7974],[80.9794,18.1658],[80.7561,18.17],[80.3922,18.082],[80.2698,17.9431],[80.2025,17.5582],[80.3692,17.5678],[80.5007,17.3671],[80.9411,17.2186],[81.1736,17.231],[81.3097,17.4097],[80.9106,17.6379],[81.0849,17.7974]]]},"properties":{"district":"Bhadradri Kothagudem","dt_code":"753","st_nm":"Telangana","st_code":"36","year":"2016_c"}},
{"type":"Feature","geometry":{"type":"Polygon","coordinates":[[[73.5628,22.33],[73.4206,22.4289],[73.3503,22.7919],[73.2187,22.6283],[72.9465,22.2928],[72.867,22.2145],[72.9053,22.0674],[73.208,21.8241],[73.3044,21.8873],[73.5307,22.0509],[73.5628,22.33]]]},"properties":{"district":"Vadodara","dt_code":"486","st_nm":"Gujarat","st_code":"24","year":"2011_c"}},
{"type":"Feature","geometry":{"type":"Polygon","coordinates":[[[87.5228,22.928],[87.064,22.851],[87.0762,22.7259],[87.0824,22.4716],[87.2047,22.3038],[87.1374,22.1265],[87.2429,21.9643],[87.4417,21.7677],[87.4601,22.0083],[87.7017,22.1265],[87.6466,22.4358],[87.8928,22.5197],[87.8531,22.5953],[87.5228,22.928]]]},"properties":{"district":"Paschim Medinipur","dt_code":"344","st_nm":"West Bengal","st_code":"19","year":"2011_c"}},
{"type":"Feature","geometry":{"type":"Polygon","coordinates":[[[79.964,22.8524],[79.6291,22.95],[79.3278,22.6159],[79.2881,22.3272],[79.3997,21.9973],[79.2346,21.7182],[79.5098,21.5958],[79.6734,21.6962],[80.1001,22.3355],[79.964,22.8524]]]},"properties":{"district":"Seoni","dt_code":"456","st_nm":"Madhya Pradesh","st_code":"23","year":"2011_c"}},
{"type":"Feature","geometry":{"type":"Polygon","coordinates":[[[74.7418,22.5596],[74.3794,22.6352],[74.0583,22.5499],[74.1898,22.3203],[74.147,21.9505],[74.4329,22.0303],[74.5017,22.0454],[74.7418,22.5596]]]},"properties":{"district":"Alirajpur","dt_code":"465","st_nm":"Madhya Pradesh","st_code":"23","year":"2011_c"}},
{"type":"Feature","geometry":{"type":"Polygon","coordinates":[[[79.3278,22.6159],[79.2407,22.8029],[78.918,22.6723],[78.6902,22.7053],[78.522,22.6654],[78.5602,22.4193],[78.2697,22.4015],[78.2773,22.0908],[78.5143,21.9368],[78.3431,21.589],[78.4333,21.4969],[78.8997,21.501],[79.2346,21.7182],[79.3997,21.9973],[79.2881,22.3272],[79.3278,22.6159]]]},"properties":{"district":"Chhindwara","dt_code":"455","st_nm":"Madhya Pradesh","st_code":"23","year":"2011_c"}},
{"type":"Feature","geometry":{"type":"Polygon","coordinates":[[[77.3904,22.2227],[77.2206,22.5692],[77.1304,22.5554],[76.7818,22.3437],[76.8873,21.9835],[77.2206,21.9065],[77.5051,22.0303],[77.3904,22.2227]]]},"properties":{"district":"Harda","dt_code":"448","st_nm":"Madhya Pradesh","st_code":"23","year":"2011_c"}},
{"type":"Feature","geometry":{"type":"Polygon","coordinates":[[[76.0768,21.5725],[76.1013,21.8543],[76.2251,22.0715],[76.2114,22.3272],[76.0829,22.5376],[75.9942,22.4138],[75.5615,22.3767],[75.4911,22.154],[75.3168,22.1334],[75.2755,21.7388],[75.5018,21.6137],[75.6089,21.3896],[75.9866,21.369],[76.0768,21.5725]]]},"properties":{"district":"Khargone","dt_code":"440","st_nm":"Madhya Pradesh","st_code":"23","year":"2011_c"}},
{"type":"Feature","geometry":{"type":"Polygon","coordinates":[[[87.4417,21.7677],[87.4845,21.6151],[87.7888,21.699],[87.9555,21.8309],[88.1864,22.1045],[87.9983,22.2447],[87.8928,22.5197],[87.6466,22.4358],[87.7017,22.1265],[87.4601,22.0083],[87.4417,21.7677]]]},"properties":{"district":"Purba Medinipur","dt_code":"345","st_nm":"West Bengal","st_code":"19","year":"2011_c"}},
{"type":"Feature","geometry":{"type":"Polygon","coordinates":[[[86.7276,22.2159],[86.067,22.5568],[85.963,22.4853],[86.0089,22.1155],[85.8972,21.9835],[85.6832,22.0578],[85.8116,21.8103],[86.0257,21.6948],[86.0089,21.534],[86.3606,21.303],[86.6481,21.5807],[87.0059,21.6013],[87.1007,21.8639],[87.0288,22.0385],[86.7276,22.2159]]]},"properties":{"district":"Mayurbhanj","dt_code":"376","st_nm":"Odisha","st_code":"21","year":"2011_c"}},
{"type":"Feature","geometry":{"type":"Polygon","coordinates":[[[72.867,22.2145],[72.5673,22.1815],[72.5428,21.7333],[72.7355,21.4749],[73.4527,21.5285],[73.5001,21.6811],[73.3044,21.8873],[73.208,21.8241],[72.9053,22.0674],[72.867,22.2145]]]},"properties":{"district":"Bharuch","dt_code":"488","st_nm":"Gujarat","st_code":"24","year":"2011_c"}},
{"type":"Feature","geometry":{"type":"Polygon","coordinates":[[[85.1908,21.6605],[85.3773,21.9354],[85.2382,22.0096],[85.0287,22.1224],[85.0699,22.4908],[84.4292,22.352],[84.1968,22.3781],[84.0118,22.5279],[83.8023,22.2942],[83.5377,22.0454],[83.5912,21.8254],[84.2702,22.0151],[84.4766,22.1897],[84.5256,21.8144],[84.6617,21.7608],[85.1449,21.5945],[85.1908,21.6605]]]},"properties":{"district":"Sundargarh","dt_code":"374","st_nm":"Odisha","st_code":"21","year":"2011_c"}},
{"type":"Feature","geometry":{"type":"Polygon","coordinates":[[[81.4748,22.4894],[81.1935,22.4908],[81.0451,22.2406],[80.9075,22.11],[80.8463,21.8351],[81.172,21.7045],[81.5008,22.0042],[81.5559,22.3437],[81.4748,22.4894]]]},"properties":{"district":"Kabeerdham","dt_code":"407","st_nm":"Chhattisgarh","st_code":"22","year":"2011_c"}},
{"type":"Feature","geometry":{"type":"Polygon","coordinates":[[[76.7818,21.5587],[77.0616,21.7127],[77.2206,21.9065],[76.8873,21.9835],[76.7818,22.3437],[76.4973,22.4111],[76.2114,22.3272],[76.2251,22.0715],[76.1013,21.8543],[76.0768,21.5725],[76.7818,21.5587]]]},"properties":{"district":"Khandwa","dt_code":"466","st_nm":"Madhya Pradesh","st_code":"23","year":"2011_c"}},
{"type":"Feature","geometry":{"type":"Polygon","coordinates":[[[69.8148,21.8213],[69.5594,21.9409],[69.3958,21.8887],[69.9815,21.2274],[69.9906,21.5794],[70.1481,21.6646],[70.0732,21.7388],[69.8148,21.8213]]]},"properties":{"district":"Porbandar","dt_code":"478","st_nm":"Gujarat","st_code":"24","year":"2011_c"}},
{"type":"Feature","geometry":{"type":"Polygon","coordinates":[[[80.6613,21.3333],[80.7148,21.6618],[80.8463,21.8351],[80.9075,22.11],[81.0451,22.2406],[80.8662,22.3795],[80.5803,22.2269],[80.1001,22.3355],[79.6734,21.6962],[79.5098,21.5958],[79.5389,21.5409],[79.9181,21.5244],[80.2683,21.6178],[80.6613,21.3333]]]},"properties":{"district":"Balaghat","dt_code":"457","st_nm":"Madhya Pradesh","st_code":"23","year":"2011_c"}},
{"type":"Feature","geometry":{"type":"Polygon","coordinates":[[[73.3044,21.8873],[73.5001,21.6811],[73.4527,21.5285],[73.6989,21.3993],[73.9818,21.5216],[73.939,21.8735],[73.5307,22.0509],[73.3044,21.8873]]]},"properties":{"district":"Narmada","dt_code":"487","st_nm":"Gujarat","st_code":"24","year":"2011_c"}},
{"type":"Feature","geometry":{"type":"Polygon","coordinates":[[[75.6089,21.3896],[75.5018,21.6137],[75.2755,21.7388],[75.3168,22.1334],[74.5017,22.0454],[74.4329,22.0303],[74.5048,21.7265],[74.7755,21.6151],[75.0522,21.567],[75.2113,21.4116],[75.6089,21.3896]]]},"properties":{"district":"Barwani","dt_code":"441","st_nm":"Madhya Pradesh","st_code":"23","year":"2011_c"}},
{"type":"Feature","geometry":{"type":"Polygon","coordinates":[[[82.9367,22.1224],[82.6691,22.0811],[82.4581,22.2145],[82.3052,21.9079],[82.4459,21.7443],[82.949,21.7237],[83.264,21.7155],[83.1875,21.9272],[82.9367,22.1224]]]},"properties":{"district":"Janjgir Champa","dt_code":"405","st_nm":"Chhattisgarh","st_code":"22","year":"2011_c"}},
{"type":"Feature","geometry":{"type":"Polygon","coordinates":[[[73.8488,20.9992],[74.1194,21.2137],[74.3381,21.2288],[74.5017,21.4158],[74.6883,21.4103],[74.7755,21.6151],[74.5048,21.7265],[74.4329,22.0303],[74.147,21.9505],[73.939,21.8735],[73.9818,21.5216],[73.8075,21.0088],[73.8488,20.9992]]]},"properties":{"district":"Nandurbar","dt_code":"497","st_nm":"Maharashtra","st_code":"27","year":"2011_c"}},
{"type":"Feature","geometry":{"type":"Polygon","coordinates":[[[86.3667,21.237],[86.3606,21.303],[86.0089,21.534],[86.0257,21.6948],[85.8116,21.8103],[85.6832,22.0578],[85.3972,22.1636],[85.2382,22.0096],[85.3773,21.9354],[85.1908,21.6605],[85.3345,21.4817],[85.3941,21.1834],[85.7122,21.1381],[86.0272,21.1381],[86.2857,21.0157],[86.3667,21.237]]]},"properties":{"district":"Kendujhar","dt_code":"375","st_nm":"Odisha","st_code":"21","year":"2011_c"}},
{"type":"Feature","geometry":{"type":"Polygon","coordinates":[[[86.8591,21.2137],[87.1481,21.5092],[87.4845,21.6151],[87.4417,21.7677],[87.2429,21.9643],[87.1007,21.8639],[87.0059,21.6013],[86.6481,21.5807],[86.3606,21.303],[86.3667,21.237],[86.515,21.1353],[86.8591,21.2137]]]},"properties":{"district":"Balasore","dt_code":"377","st_nm":"Odisha","st_code":"21","year":"2011_c"}},
{"type":"Feature","geometry":{"type":"Polygon","coordinates":[[[83.5912,21.8254],[83.4872,21.644],[83.7992,21.5629],[83.9812,21.7801],[84.2381,21.8062],[84.2702,22.0151],[83.5912,21.8254]]]},"properties":{"district":"Jharsuguda","dt_code":"371","st_nm":"Odisha","st_code":"21","year":"2011_c"}},
{"type":"Feature","geometry":{"type":"Polygon","coordinates":[[[81.695,21.6013],[81.9366,21.8144],[81.7531,21.9602],[81.5008,22.0042],[81.172,21.7045],[81.2042,21.5175],[81.3556,21.5436],[81.5543,21.3319],[81.695,21.6013]]]},"properties":{"district":"Bametara","dt_code":"718","st_nm":"Chhattisgarh","st_code":"22","year":"update2014"}},
{"type":"Feature","geometry":{"type":"Polygon","coordinates":[[[80.5619,20.8232],[80.6261,20.3324],[80.5451,20.1001],[80.9916,20.4589],[80.9213,20.782],[80.9534,21.0033],[81.1552,21.0762],[81.2042,21.5175],[81.172,21.7045],[80.8463,21.8351],[80.7148,21.6618],[80.6613,21.3333],[80.464,21.1752],[80.5619,20.8232]]]},"properties":{"district":"Rajnandgaon","dt_code":"408","st_nm":"Chhattisgarh","st_code":"22","year":"2011_c"}},
{"type":"Feature","geometry":{"type":"Polygon","coordinates":[[[76.6625,21.281],[76.7833,21.193],[77.1671,21.2425],[77.1289,20.8631],[77.5295,20.8494],[77.6106,20.7188],[77.6503,20.5648],[77.7788,20.54],[78.2742,20.6926],[78.1427,20.9538],[78.0785,21.3553],[78.2513,21.3305],[78.4333,21.4969],[78.3431,21.589],[78.0296,21.4213],[77.4882,21.3745],[77.5754,21.5271],[77.4791,21.7704],[77.0616,21.7127],[76.7818,21.5587],[76.6625,21.281]]]},"properties":{"district":"Amravati","dt_code":"503","st_nm":"Maharashtra","st_code":"27","year":"2011_c"}},
{"type":"Feature","geometry":{"type":"Polygon","coordinates":[[[72.7355,21.4749],[72.6208,21.0996],[72.7508,21.0624],[73.0245,21.0198],[73.3166,20.8796],[73.1989,21.0776],[73.4542,21.3841],[73.6989,21.3993],[73.4527,21.5285],[72.7355,21.4749]]]},"properties":{"district":"Surat","dt_code":"492","st_nm":"Gujarat","st_code":"24","year":"2011_c"}},
{"type":"Feature","geometry":{"type":"Polygon","coordinates":[[[75.2113,21.4116],[75.0522,21.567],[74.7755,21.6151],[74.6883,21.4103],[74.5017,21.4158],[74.3381,21.2288],[74.1194,21.2137],[73.8488,20.9992],[73.8488,20.9978],[73.8885,20.9332],[73.942,20.8397],[74.5384,20.837],[74.8122,20.6321],[74.9865,20.738],[74.8947,21.1491],[75.2113,21.4116]]]},"properties":{"district":"Dhule","dt_code":"498","st_nm":"Maharashtra","st_code":"27","year":"2011_c"}},
{"type":"Feature","geometry":{"type":"Polygon","coordinates":[[[73.8075,21.0088],[73.9818,21.5216],[73.6989,21.3993],[73.4542,21.3841],[73.1989,21.0776],[73.3166,20.8796],[73.4955,20.8191],[73.5643,21.0102],[73.8885,20.9332],[73.8488,20.9978],[73.8075,21.0088]]]},"properties":{"district":"Tapi","dt_code":"493","st_nm":"Gujarat","st_code":"24","year":"2011_c"}},
{"type":"Feature","geometry":{"type":"Polygon","coordinates":[[[82.6385,21.0886],[82.7012,20.7284],[82.9811,20.8452],[83.4047,20.8892],[83.4567,21.0583],[83.894,21.1752],[83.7992,21.5629],[83.4872,21.644],[83.2686,21.3773],[83.1921,21.1394],[82.9658,21.1752],[82.6385,21.0886]]]},"properties":{"district":"Bargarh","dt_code":"370","st_nm":"Odisha","st_code":"21","year":"2011_c"}},
{"type":"Feature","geometry":{"type":"Polygon","coordinates":[[[79.5389,21.5409],[79.5098,21.5958],[79.2346,21.7182],[78.8997,21.501],[78.4333,21.4969],[78.2513,21.3305],[78.4455,21.237],[78.9425,20.7682],[79.2208,20.5827],[79.519,20.7146],[79.6551,20.9648],[79.4762,21.4281],[79.5389,21.5409]]]},"properties":{"district":"Nagpur","dt_code":"505","st_nm":"Maharashtra","st_code":"27","year":"2011_c"}},
{"type":"Feature","geometry":{"type":"Polygon","coordinates":[[[82.9337,21.4969],[82.949,21.7237],[82.4459,21.7443],[82.2012,21.7608],[82.0376,21.8832],[81.9366,21.8144],[81.695,21.6013],[82.1935,21.3786],[82.3893,21.2618],[82.6966,21.3305],[82.9337,21.4969]]]},"properties":{"district":"Baloda Bazar","dt_code":"721","st_nm":"Chhattisgarh","st_code":"22","year":"update2014"}},
{"type":"Feature","geometry":{"type":"Polygon","coordinates":[[[81.5008,22.0042],[81.7531,21.9602],[81.9366,21.8144],[82.0376,21.8832],[81.7654,22.242],[81.9764,22.3602],[81.7287,22.6695],[81.4748,22.4894],[81.5559,22.3437],[81.5008,22.0042]]]},"properties":{"district":"Mungeli","dt_code":"717","st_nm":"Chhattisgarh","st_code":"22","year":"update2014"}},
{"type":"Feature","geometry":{"type":"Polygon","coordinates":[[[71.5902,21.688],[71.7354,22.011],[72.0611,22.1018],[71.8624,22.3712],[71.4372,22.2612],[71.3929,21.9808],[71.5902,21.688]]]},"properties":{"district":"Botad","dt_code":"726","st_nm":"Gujarat","st_code":"24","year":"update2014"}},
{"type":"Feature","geometry":{"type":"Polygon","coordinates":[[[73.5307,22.0509],[73.939,21.8735],[74.147,21.9505],[74.1898,22.3203],[74.0583,22.5499],[73.8029,22.5486],[73.731,22.2874],[73.5628,22.33],[73.5307,22.0509]]]},"properties":{"district":"Chhota Udaipur","dt_code":"731","st_nm":"Gujarat","st_code":"24","year":"update2014"}},
{"type":"Feature","geometry":{"type":"Polygon","coordinates":[[[70.8546,21.1669],[70.5931,21.281],[70.2399,20.9923],[70.8271,20.6899],[70.9204,20.7421],[70.9999,20.7421],[71.2063,20.7957],[71.1345,21.0679],[70.8546,21.1669]]]},"properties":{"district":"Gir Somnath","dt_code":"729","st_nm":"Gujarat","st_code":"24","year":"update2014"}},
{"type":"Feature","geometry":{"type":"Polygon","coordinates":[[[87.0762,22.7259],[86.8943,22.6517],[86.6098,22.7988],[86.5594,22.7135],[86.8453,22.4001],[86.7276,22.2159],[87.0288,22.0385],[87.1007,21.8639],[87.2429,21.9643],[87.1374,22.1265],[87.2047,22.3038],[87.0824,22.4716],[87.0762,22.7259]]]},"properties":{"district":"Jhargram","dt_code":"776","st_nm":"West Bengal","st_code":"19","year":"2017_c"}},
{"type":"Feature","geometry":{"type":"Polygon","coordinates":[[[70.1481,21.6646],[70.7935,21.666],[71.0305,21.8735],[71.3929,21.9808],[71.4372,22.2612],[70.9815,22.4152],[70.6941,22.4372],[70.5809,22.6035],[70.4662,22.4702],[70.5794,22.2392],[70.5488,22.0468],[70.3301,22.0509],[70.0732,21.7388],[70.1481,21.6646]]]},"properties":{"district":"Rajkot","dt_code":"476","st_nm":"Gujarat","st_code":"24","year":"2011_c"}},
{"type":"Feature","geometry":{"type":"Polygon","coordinates":[[[71.6773,20.9965],[72.1131,21.1985],[72.3089,21.6247],[72.1942,21.7498],[72.2447,21.9945],[72.0611,22.1018],[71.7354,22.011],[71.5902,21.688],[71.4785,21.4817],[71.6253,21.3278],[71.5259,21.1862],[71.6773,20.9965]]]},"properties":{"district":"Bhavnagar","dt_code":"481","st_nm":"Gujarat","st_code":"24","year":"2011_c"}},
{"type":"Feature","geometry":{"type":"Polygon","coordinates":[[[78.2697,22.4015],[78.0326,22.33],[77.5479,22.352],[77.3904,22.2227],[77.5051,22.0303],[77.2206,21.9065],[77.0616,21.7127],[77.4791,21.7704],[77.5754,21.5271],[77.4882,21.3745],[78.0296,21.4213],[78.3431,21.589],[78.5143,21.9368],[78.2773,22.0908],[78.2697,22.4015]]]},"properties":{"district":"Betul","dt_code":"447","st_nm":"Madhya Pradesh","st_code":"23","year":"2011_c"}},
{"type":"Feature","geometry":{"type":"Polygon","coordinates":[[[70.7935,21.666],[70.1481,21.6646],[69.9906,21.5794],[69.9815,21.2274],[70.2399,20.9923],[70.5931,21.281],[70.8546,21.1669],[70.9234,21.4625],[70.7935,21.666]]]},"properties":{"district":"Junagadh","dt_code":"479","st_nm":"Gujarat","st_code":"24","year":"2011_c"}},
{"type":"Feature","geometry":{"type":"Polygon","coordinates":[[[85.1449,21.5945],[84.6617,21.7608],[84.4093,21.4762],[84.7106,21.3181],[84.7442,21.1697],[84.8773,21.1642],[85.1541,21.4625],[85.1449,21.5945]]]},"properties":{"district":"Deogarh","dt_code":"373","st_nm":"Odisha","st_code":"21","year":"2011_c"}},
{"type":"Feature","geometry":{"type":"Polygon","coordinates":[[[70.0732,21.7388],[70.3301,22.0509],[70.5488,22.0468],[70.5794,22.2392],[70.4662,22.4702],[70.5809,22.6035],[70.6451,22.8634],[70.4968,22.9335],[70.1252,22.5527],[69.7536,22.418],[69.7322,22.308],[69.9157,21.9272],[69.8148,21.8213],[70.0732,21.7388]]]},"properties":{"district":"Jamnagar","dt_code":"477","st_nm":"Gujarat","st_code":"24","year":"2011_c"}},
{"type":"Feature","geometry":{"type":"Polygon","coordinates":[[[69.8148,21.8213],[69.9157,21.9272],[69.7322,22.308],[69.7536,22.418],[69.3407,22.3121],[69.0058,22.4399],[68.9661,22.2337],[69.2169,21.9574],[69.3958,21.8887],[69.5594,21.9409],[69.8148,21.8213]]]},"properties":{"district":"Devbhumi Dwarka","dt_code":"728","st_nm":"Gujarat","st_code":"24","year":"update2014"}},
{"type":"Feature","geometry":{"type":"Polygon","coordinates":[[[74.9345,20.2706],[74.7143,20.1345],[74.6699,19.9461],[74.884,19.6561],[75.4758,19.4265],[75.6058,19.3852],[75.6547,19.9077],[75.592,20.0066],[75.7648,20.4521],[75.9759,20.5318],[76.0065,20.6473],[75.2266,20.4947],[74.9345,20.2706]]]},"properties":{"district":"Aurangabad","dt_code":"515","st_nm":"Maharashtra","st_code":"27","year":"2011_c"}},
{"type":"Feature","geometry":{"type":"Polygon","coordinates":[[[75.6043,17.3052],[75.6654,16.9794],[75.3413,16.9561],[75.3841,16.7636],[75.6333,16.4433],[76.2389,16.1656],[76.3322,16.1944],[76.4622,16.7113],[76.4407,16.9973],[76.0753,17.3369],[75.9315,17.3231],[75.6333,17.4771],[75.6043,17.3052]]]},"properties":{"district":"Vijayapura","dt_code":"557","st_nm":"Karnataka","st_code":"29","year":"2011_c"}},
{"type":"Feature","geometry":{"type":"Polygon","coordinates":[[[80.2759,18.7199],[80.3723,18.6113],[80.7056,18.4394],[80.7561,18.17],[80.9794,18.1658],[81.0222,18.4655],[81.1828,18.5411],[81.2363,18.9673],[81.1292,19.256],[80.8524,19.3646],[80.4824,19.3371],[80.2714,18.9426],[80.2759,18.7199]]]},"properties":{"district":"Bijapur","dt_code":"417","st_nm":"Chhattisgarh","st_code":"22","year":"2011_c"}},
{"type":"Feature","geometry":{"type":"Polygon","coordinates":[[[73.5261,19.1295],[72.9557,18.9879],[72.8364,18.8642],[72.8946,18.4628],[73.0444,17.9816],[73.2876,18.071],[73.572,17.8758],[73.6576,18.0297],[73.653,18.1727],[73.4206,18.3033],[73.3686,18.7955],[73.5261,19.1295]]]},"properties":{"district":"Raigad","dt_code":"520","st_nm":"Maharashtra","st_code":"27","year":"2011_c"}},
{"type":"Feature","geometry":{"type":"Polygon","coordinates":[[[83.2686,21.3773],[83.4872,21.644],[83.5912,21.8254],[83.5377,22.0454],[83.8023,22.2942],[83.4001,22.5541],[83.4093,22.6407],[83.1111,22.6709],[83.1141,22.4221],[82.9367,22.1224],[83.1875,21.9272],[83.264,21.7155],[82.949,21.7237],[82.9337,21.4969],[83.2686,21.3773]]]},"properties":{"district":"Raigarh","dt_code":"403","st_nm":"Chhattisgarh","st_code":"22","year":"2011_c"}},
{"type":"Feature","geometry":{"type":"Polygon","coordinates":[[[82.4581,22.2145],[82.2043,22.3121],[82.1339,22.8537],[82.2165,22.9445],[82.1232,23.104],[81.9504,22.983],[81.7317,22.6764],[81.7287,22.6695],[81.9764,22.3602],[81.7654,22.242],[82.0376,21.8832],[82.2012,21.7608],[82.4459,21.7443],[82.3052,21.9079],[82.4581,22.2145]]]},"properties":{"district":"Bilaspur","dt_code":"406","st_nm":"Chhattisgarh","st_code":"22","year":"2011_c"}},
{"type":"Feature","geometry":{"type":"Polygon","coordinates":[[[79.7239,10.9291],[79.8493,10.8274],[79.8508,10.9855],[79.7484,10.9965],[79.7239,10.9291]]]},"properties":{"district":"Karaikal","dt_code":"637","st_nm":"Puducherry","st_code":"34","year":"2011_c"}},
{"type":"Feature","geometry":{"type":"Polygon","coordinates":[[[75.5553,11.7224],[75.5416,11.7389],[75.537,11.7196],[75.5553,11.7224]]]},"properties":{"district":"Mahe","dt_code":"636","st_nm":"Puducherry","st_code":"34","year":"2011_c"}},
{"type":"Feature","geometry":{"type":"Polygon","coordinates":[[[82.1859,16.7375],[82.1997,16.721],[82.2394,16.7168],[82.2669,16.6948],[82.27,16.7223],[82.1859,16.7375]]]},"properties":{"district":"Yanam","dt_code":"634","st_nm":"Puducherry","st_code":"34","year":"2011_c"}},
{"type":"Feature","geometry":{"type":"Polygon","coordinates":[[[84.2794,20.9222],[84.7442,21.1697],[84.7106,21.3181],[84.4093,21.4762],[84.6617,21.7608],[84.5256,21.8144],[84.4766,22.1897],[84.2702,22.0151],[84.2381,21.8062],[83.9812,21.7801],[83.7992,21.5629],[83.894,21.1752],[84.2794,20.9222]]]},"properties":{"district":"Sambalpur","dt_code":"372","st_nm":"Odisha","st_code":"21","year":"2011_c"}},
{"type":"Feature","geometry":{"type":"Polygon","coordinates":[[[73.4068,20.6239],[73.4741,20.7201],[73.4955,20.8191],[73.3166,20.8796],[73.0245,21.0198],[72.7508,21.0624],[72.8548,20.7504],[73.0735,20.6005],[73.4068,20.6239]]]},"properties":{"district":"Navsari","dt_code":"490","st_nm":"Gujarat","st_code":"24","year":"2011_c"}},
{"type":"Feature","geometry":{"type":"Polygon","coordinates":[[[73.0536,8.2731],[73.0184,8.2759],[73.0429,8.2635],[73.0536,8.2731]]]},"properties":{"district":"Lakshadweep","dt_code":"587","st_nm":"Lakshadweep","st_code":"31","year":"2011_c"}},
{"type":"Feature","geometry":{"type":"Polygon","coordinates":[[[72.8869,20.4617],[72.8364,20.4534],[72.8288,20.3682],[72.8869,20.4617]]]},"properties":{"district":"Daman","dt_code":"495","st_nm":"Dadra and Nagar Haveli and Daman and Diu","st_code":"26","year":"2011_c"}},
{"type":"Feature","geometry":{"type":"Polygon","coordinates":[[[70.9204,20.7421],[70.977,20.7023],[70.9999,20.7421],[70.9204,20.7421]]]},"properties":{"district":"Diu","dt_code":"494","st_nm":"Dadra and Nagar Haveli and Daman and Diu","st_code":"26","year":"2011_c"}},
{"type":"Feature","geometry":{"type":"Polygon","coordinates":[[[79.9135,18.8257],[79.8095,18.7034],[79.5664,18.4243],[79.5633,18.2634],[79.5786,18.2428],[79.8401,18.1328],[79.9227,18.4064],[80.2163,18.3899],[80.3723,18.6113],[80.2759,18.7199],[80.1184,18.68],[79.9135,18.8257]]]},"properties":{"district":"Jayashankar Bhupalapally","dt_code":"750","st_nm":"Telangana","st_code":"36","year":"2016_c"}},
{"type":"Feature","geometry":{"type":"Polygon","coordinates":[[[77.4592,16.8846],[77.4164,16.5175],[77.2879,16.4089],[77.5938,16.3429],[77.661,16.3622],[77.7513,16.4034],[77.7604,17.0028],[77.4668,16.9547],[77.4592,16.8846]]]},"properties":{"district":"Narayanpet","dt_code":"781","st_nm":"Telangana","st_code":"36","year":"2019"}},
{"type":"Feature","geometry":{"type":"Polygon","coordinates":[[[81.8999,18.6607],[81.6736,18.6525],[81.5696,18.7405],[81.3693,18.4325],[81.1828,18.5411],[81.0222,18.4655],[80.9794,18.1658],[81.0849,17.7974],[81.3968,17.818],[81.5299,18.2401],[81.9106,18.57],[81.8999,18.6607]]]},"properties":{"district":"Sukma","dt_code":"723","st_nm":"Chhattisgarh","st_code":"22","year":"update2014"}},
{"type":"Feature","geometry":{"type":"Polygon","coordinates":[[[94.4011,28.339],[94.0019,28.5782],[93.9622,28.713],[93.3398,28.6401],[93.2236,28.3418],[93.456,28.2717],[93.8398,28.2373],[93.9622,27.9788],[94.3185,27.7726],[94.5953,27.8702],[94.4852,28.0215],[94.4011,28.339]]]},"properties":{"district":"Upper Subansiri","dt_code":"249","st_nm":"Arunachal Pradesh","st_code":"12","year":"2011_c"}},
{"type":"Feature","geometry":{"type":"Polygon","coordinates":[[[96.8615,27.631],[97.253,27.9005],[97.3707,28.218],[96.6627,28.46],[96.3141,28.383],[96.3049,28.3693],[96.2881,28.0613],[96.6321,27.8111],[96.6994,27.6599],[96.8615,27.631]]]},"properties":{"district":"Anjaw","dt_code":"260","st_nm":"Arunachal Pradesh","st_code":"12","year":"2011_c"}},
{"type":"Feature","geometry":{"type":"Polygon","coordinates":[[[95.7743,27.7328],[95.97,27.9596],[95.5189,27.884],[95.5143,27.8799],[95.2696,27.6805],[95.2207,27.4441],[95.4837,27.242],[95.6336,27.231],[95.8568,27.2708],[95.8737,27.5444],[95.7743,27.7328]]]},"properties":{"district":"Tinsukia","dt_code":"309","st_nm":"Assam","st_code":"18","year":"2011_c"}},
{"type":"Feature","geometry":{"type":"Polygon","coordinates":[[[95.5143,27.8799],[95.1366,27.8152],[94.4622,27.5554],[94.213,27.6063],[94.2665,27.5197],[94.3903,27.3506],[94.6258,27.3368],[94.9959,27.6585],[95.2696,27.6805],[95.5143,27.8799]]]},"properties":{"district":"Dhemaji","dt_code":"308","st_nm":"Assam","st_code":"18","year":"2011_c"}},
{"type":"Feature","geometry":{"type":"Polygon","coordinates":[[[96.6994,27.6599],[96.311,27.5705],[95.8737,27.5444],[95.8568,27.2708],[95.6336,27.231],[95.684,26.9038],[96.022,27.1801],[96.6061,27.3657],[96.86,27.1897],[97.1643,27.1416],[96.8615,27.631],[96.6994,27.6599]]]},"properties":{"district":"Changlang","dt_code":"253","st_nm":"Arunachal Pradesh","st_code":"12","year":"2011_c"}},
{"type":"Feature","geometry":{"type":"Polygon","coordinates":[[[95.2696,27.6805],[94.9959,27.6585],[94.6258,27.3368],[94.5631,27.1815],[94.5937,27.1457],[94.8353,27.0921],[94.9852,27.1691],[95.369,27.11],[95.3767,27.0962],[95.4837,27.242],[95.2207,27.4441],[95.2696,27.6805]]]},"properties":{"district":"Dibrugarh","dt_code":"310","st_nm":"Assam","st_code":"18","year":"2011_c"}},
{"type":"Feature","geometry":{"type":"Polygon","coordinates":[[[92.014,27.4894],[92.3932,27.6723],[92.4605,27.7822],[92.4682,27.8152],[92.2571,27.862],[91.881,27.7218],[91.6302,27.8015],[91.6546,27.4825],[92.014,27.4894]]]},"properties":{"district":"Tawang","dt_code":"245","st_nm":"Arunachal Pradesh","st_code":"12","year":"2011_c"}},
{"type":"Feature","geometry":{"type":"Polygon","coordinates":[[[93.9423,27.5114],[93.6655,27.3368],[93.5432,27.6214],[93.5141,27.6503],[93.2297,27.6035],[93.3306,27.3547],[93.3979,26.9574],[93.6976,26.9945],[94.2191,27.5045],[93.9423,27.5114]]]},"properties":{"district":"Papum Pare","dt_code":"248","st_nm":"Arunachal Pradesh","st_code":"12","year":"2011_c"}},
{"type":"Feature","geometry":{"type":"Polygon","coordinates":[[[94.2665,27.5197],[94.2191,27.5045],[93.6976,26.9945],[93.7695,26.8447],[93.9637,26.9244],[94.5631,27.1815],[94.6258,27.3368],[94.3903,27.3506],[94.2665,27.5197]]]},"properties":{"district":"Lakhimpur","dt_code":"307","st_nm":"Assam","st_code":"18","year":"2011_c"}},
{"type":"Feature","geometry":{"type":"Polygon","coordinates":[[[95.4837,27.242],[95.3767,27.0962],[95.496,26.8172],[95.684,26.9038],[95.6336,27.231],[95.4837,27.242]]]},"properties":{"district":"Tirap","dt_code":"254","st_nm":"Arunachal Pradesh","st_code":"12","year":"2011_c"}},
{"type":"Feature","geometry":{"type":"Polygon","coordinates":[[[94.5937,27.1457],[94.3965,26.9505],[94.5861,26.7251],[94.7359,26.7498],[94.791,26.7965],[94.924,26.9491],[94.8353,27.0921],[94.5937,27.1457]]]},"properties":{"district":"Sivasagar","dt_code":"311","st_nm":"Assam","st_code":"18","year":"2011_c"}},
{"type":"Feature","geometry":{"type":"Polygon","coordinates":[[[94.3965,26.9505],[94.0004,26.8667],[94.164,26.3511],[94.3139,26.4611],[94.5861,26.7251],[94.3965,26.9505]]]},"properties":{"district":"Jorhat","dt_code":"312","st_nm":"Assam","st_code":"18","year":"2011_c"}},
{"type":"Feature","geometry":{"type":"Polygon","coordinates":[[[94.791,26.7965],[94.9133,26.38],[95.1228,26.3484],[95.2345,26.6824],[95.1962,27.0344],[94.924,26.9491],[94.791,26.7965]]]},"properties":{"district":"Mon","dt_code":"261","st_nm":"Nagaland","st_code":"13","year":"2011_c"}},
{"type":"Feature","geometry":{"type":"Polygon","coordinates":[[[93.0615,26.9216],[92.6562,27.0083],[92.3596,26.9258],[92.3596,26.5835],[92.3412,26.5023],[92.4192,26.5147],[92.9514,26.6206],[93.1441,26.5945],[93.0615,26.9216]]]},"properties":{"district":"Sonitpur","dt_code":"306","st_nm":"Assam","st_code":"18","year":"2011_c"}},
{"type":"Feature","geometry":{"type":"Polygon","coordinates":[[[93.7695,26.8447],[93.3062,26.6976],[93.297,26.5752],[93.7007,26.6068],[93.8934,26.3717],[93.7756,25.9689],[93.9545,25.9689],[94.164,26.3511],[94.0004,26.8667],[93.9637,26.9244],[93.7695,26.8447]]]},"properties":{"district":"Golaghat","dt_code":"313","st_nm":"Assam","st_code":"18","year":"2011_c"}},
{"type":"Feature","geometry":{"type":"Polygon","coordinates":[[[94.7359,26.7498],[94.7099,26.446],[94.9133,26.38],[94.791,26.7965],[94.7359,26.7498]]]},"properties":{"district":"Longleng","dt_code":"268","st_nm":"Nagaland","st_code":"13","year":"2011_c"}},
{"type":"Feature","geometry":{"type":"Polygon","coordinates":[[[94.5861,26.7251],[94.3139,26.4611],[94.372,26.1958],[94.583,26.2191],[94.7099,26.446],[94.7359,26.7498],[94.5861,26.7251]]]},"properties":{"district":"Mokokchung","dt_code":"262","st_nm":"Nagaland","st_code":"13","year":"2011_c"}},
{"type":"Feature","geometry":{"type":"Polygon","coordinates":[[[92.3596,26.9258],[92.1134,26.8928],[91.7036,26.813],[91.7785,26.5133],[92.0721,26.6467],[92.3596,26.5835],[92.3596,26.9258]]]},"properties":{"district":"Udalguri","dt_code":"326","st_nm":"Assam","st_code":"18","year":"2011_c"}},
{"type":"Feature","geometry":{"type":"Polygon","coordinates":[[[90.8747,26.5628],[90.9512,26.7773],[90.3365,26.8625],[90.3992,26.4419],[90.8472,26.5285],[90.8747,26.5628]]]},"properties":{"district":"Chirang","dt_code":"320","st_nm":"Assam","st_code":"18","year":"2011_c"}},
{"type":"Feature","geometry":{"type":"Polygon","coordinates":[[[91.7036,26.813],[90.9512,26.7773],[90.8747,26.5628],[91.2494,26.523],[91.5782,26.5285],[91.78,26.479],[91.7785,26.5133],[91.7036,26.813]]]},"properties":{"district":"Baksa","dt_code":"324","st_nm":"Assam","st_code":"18","year":"2011_c"}},
{"type":"Feature","geometry":{"type":"Polygon","coordinates":[[[92.4192,26.5147],[92.3948,26.1133],[92.7526,26.0542],[92.8015,26.2013],[93.0126,26.5078],[93.297,26.5752],[93.3062,26.6976],[93.1441,26.5945],[92.9514,26.6206],[92.4192,26.5147]]]},"properties":{"district":"Nagaon","dt_code":"305","st_nm":"Assam","st_code":"18","year":"2011_c"}},
{"type":"Feature","geometry":{"type":"Polygon","coordinates":[[[90.3365,26.8625],[89.8517,26.6976],[89.8349,26.4144],[89.8425,26.3827],[89.8823,26.1353],[90.4252,26.3635],[90.3992,26.4419],[90.3365,26.8625]]]},"properties":{"district":"Kokrajhar","dt_code":"300","st_nm":"Assam","st_code":"18","year":"2011_c"}},
{"type":"Feature","geometry":{"type":"Polygon","coordinates":[[[92.3596,26.5835],[92.0721,26.6467],[91.7785,26.5133],[91.78,26.479],[91.7479,26.2095],[91.9803,26.2741],[92.3412,26.5023],[92.3596,26.5835]]]},"properties":{"district":"Darrang","dt_code":"325","st_nm":"Assam","st_code":"18","year":"2011_c"}},
{"type":"Feature","geometry":{"type":"Polygon","coordinates":[[[94.9133,26.38],[94.7099,26.446],[94.583,26.2191],[94.6687,26.0198],[95.0143,25.8906],[95.1228,26.3484],[94.9133,26.38]]]},"properties":{"district":"Tuensang","dt_code":"267","st_nm":"Nagaland","st_code":"13","year":"2011_c"}},
{"type":"Feature","geometry":{"type":"Polygon","coordinates":[[[90.8472,26.5285],[90.6698,26.2027],[90.9436,26.094],[91.2234,26.1793],[91.2494,26.523],[90.8747,26.5628],[90.8472,26.5285]]]},"properties":{"district":"Barpeta","dt_code":"303","st_nm":"Assam","st_code":"18","year":"2011_c"}},
{"type":"Feature","geometry":{"type":"Polygon","coordinates":[[[91.2494,26.523],[91.2234,26.1793],[91.5247,26.336],[91.5782,26.5285],[91.2494,26.523]]]},"properties":{"district":"Nalbari","dt_code":"323","st_nm":"Assam","st_code":"18","year":"2011_c"}},
{"type":"Feature","geometry":{"type":"Polygon","coordinates":[[[92.3412,26.5023],[91.9803,26.2741],[92.173,26.0762],[92.274,26.0652],[92.3948,26.1133],[92.4192,26.5147],[92.3412,26.5023]]]},"properties":{"district":"Morigaon","dt_code":"304","st_nm":"Assam","st_code":"18","year":"2011_c"}},
{"type":"Feature","geometry":{"type":"Polygon","coordinates":[[[91.5782,26.5285],[91.5247,26.336],[91.2234,26.1793],[90.9436,26.094],[91.0261,25.8865],[91.0078,25.8246],[91.335,25.8411],[91.7234,26.0349],[91.7479,26.2095],[91.78,26.479],[91.5782,26.5285]]]},"properties":{"district":"Kamrup","dt_code":"321","st_nm":"Assam","st_code":"18","year":"2011_c"}},
{"type":"Feature","geometry":{"type":"Polygon","coordinates":[[[90.3992,26.4419],[90.4252,26.3635],[90.39,26.204],[90.6698,26.2027],[90.8472,26.5285],[90.3992,26.4419]]]},"properties":{"district":"Bongaigaon","dt_code":"319","st_nm":"Assam","st_code":"18","year":"2011_c"}},
{"type":"Feature","geometry":{"type":"Polygon","coordinates":[[[89.8425,26.3827],[89.7294,26.171],[89.8425,25.8823],[90.179,26.0487],[90.39,26.204],[90.4252,26.3635],[89.8823,26.1353],[89.8425,26.3827]]]},"properties":{"district":"Dhubri","dt_code":"301","st_nm":"Assam","st_code":"18","year":"2011_c"}},
{"type":"Feature","geometry":{"type":"Polygon","coordinates":[[[91.7479,26.2095],[91.7234,26.0349],[92.173,26.0762],[91.9803,26.2741],[91.7479,26.2095]]]},"properties":{"district":"Kamrup Metropolitan","dt_code":"322","st_nm":"Assam","st_code":"18","year":"2011_c"}},
{"type":"Feature","geometry":{"type":"Polygon","coordinates":[[[94.6687,26.0198],[94.713,25.7586],[94.8827,25.5868],[95.0143,25.8906],[94.6687,26.0198]]]},"properties":{"district":"Kiphire","dt_code":"269","st_nm":"Nagaland","st_code":"13","year":"2011_c"}},
{"type":"Feature","geometry":{"type":"Polygon","coordinates":[[[90.6698,26.2027],[90.39,26.204],[90.179,26.0487],[90.1224,25.9593],[90.4343,25.9909],[91.0261,25.8865],[90.9436,26.094],[90.6698,26.2027]]]},"properties":{"district":"Goalpara","dt_code":"302","st_nm":"Assam","st_code":"18","year":"2011_c"}},
{"type":"Feature","geometry":{"type":"Polygon","coordinates":[[[92.173,26.0762],[91.7234,26.0349],[91.335,25.8411],[91.7877,25.7902],[91.829,25.6734],[92.1317,25.6404],[92.1516,25.672],[92.1639,25.9703],[92.274,26.0652],[92.173,26.0762]]]},"properties":{"district":"Ribhoi","dt_code":"297","st_nm":"Meghalaya","st_code":"17","year":"2011_c"}},
{"type":"Feature","geometry":{"type":"Polygon","coordinates":[[[93.0645,25.7751],[92.8214,25.7407],[92.6608,25.5716],[92.5691,25.4658],[92.7923,25.2829],[92.54,25.0987],[93.0141,25.0616],[93.2465,24.9722],[93.4698,25.3063],[93.3291,25.5428],[93.1425,25.7187],[93.0645,25.7751]]]},"properties":{"district":"Dima Hasao","dt_code":"315","st_nm":"Assam","st_code":"18","year":"2011_c"}},
{"type":"Feature","geometry":{"type":"Polygon","coordinates":[[[94.1732,24.6313],[94.3751,24.4938],[94.6289,24.7564],[94.7436,25.0369],[94.6534,25.1152],[94.1671,24.9269],[94.1732,24.6313]]]},"properties":{"district":"Kamjong","dt_code":"770","st_nm":"Manipur","st_code":"14","year":"2016_c"}},
{"type":"Feature","geometry":{"type":"Polygon","coordinates":[[[91.0078,25.8246],[90.942,25.7545],[90.7616,25.5524],[90.8396,25.3077],[91.1684,25.4658],[91.5461,25.4823],[91.829,25.6734],[91.7877,25.7902],[91.335,25.8411],[91.0078,25.8246]]]},"properties":{"district":"West Khasi Hills","dt_code":"296","st_nm":"Meghalaya","st_code":"17","year":"2011_c"}},
{"type":"Feature","geometry":{"type":"Polygon","coordinates":[[[93.4698,25.3063],[93.6059,25.1991],[93.8047,25.463],[93.9362,25.5593],[93.9285,25.6706],[93.5126,25.6747],[93.3291,25.5428],[93.4698,25.3063]]]},"properties":{"district":"Peren","dt_code":"271","st_nm":"Nagaland","st_code":"13","year":"2011_c"}},
{"type":"Feature","geometry":{"type":"Polygon","coordinates":[[[93.8047,25.463],[93.9209,25.3957],[93.9973,25.1922],[94.2145,25.1757],[94.4882,25.6046],[94.19,25.5483],[93.9362,25.5593],[93.8047,25.463]]]},"properties":{"district":"Senapati","dt_code":"272","st_nm":"Manipur","st_code":"14","year":"2011_c"}},
{"type":"Feature","geometry":{"type":"Polygon","coordinates":[[[92.5691,25.4658],[92.1746,25.3544],[92.199,25.1248],[92.4253,25.03],[92.54,25.0987],[92.7923,25.2829],[92.5691,25.4658]]]},"properties":{"district":"East Jaintia Hills","dt_code":"714","st_nm":"Meghalaya","st_code":"17","year":"update2014"}},
{"type":"Feature","geometry":{"type":"Polygon","coordinates":[[[91.829,25.6734],[91.5461,25.4823],[91.5476,25.2871],[91.3549,25.2334],[91.6026,25.1743],[92.017,25.1895],[92.1119,25.3063],[92.1317,25.6404],[91.829,25.6734]]]},"properties":{"district":"East Khasi Hills","dt_code":"298","st_nm":"Meghalaya","st_code":"17","year":"2011_c"}},
{"type":"Feature","geometry":{"type":"Polygon","coordinates":[[[93.2465,24.9722],[93.1746,24.7977],[93.2144,24.6973],[93.4071,24.8251],[93.7573,24.7922],[93.7726,25.1537],[93.9209,25.3957],[93.8047,25.463],[93.6059,25.1991],[93.4698,25.3063],[93.2465,24.9722]]]},"properties":{"district":"Tamenglong","dt_code":"273","st_nm":"Manipur","st_code":"14","year":"2011_c"}},
{"type":"Feature","geometry":{"type":"Polygon","coordinates":[[[90.7616,25.5524],[90.6438,25.4163],[90.3197,25.4644],[90.234,25.2032],[90.9696,25.173],[90.8396,25.3077],[90.7616,25.5524]]]},"properties":{"district":"South Garo Hills","dt_code":"295","st_nm":"Meghalaya","st_code":"17","year":"2011_c"}},
{"type":"Feature","geometry":{"type":"Polygon","coordinates":[[[92.8963,24.3907],[93.0095,24.4127],[93.0875,24.5722],[93.1746,24.7977],[93.2465,24.9722],[93.0141,25.0616],[92.54,25.0987],[92.4253,25.03],[92.5156,24.8801],[92.5798,24.8719],[92.7618,24.5131],[92.8963,24.3907]]]},"properties":{"district":"Cachar","dt_code":"316","st_nm":"Assam","st_code":"18","year":"2011_c"}},
{"type":"Feature","geometry":{"type":"Polygon","coordinates":[[[93.9148,24.9104],[93.7695,24.7344],[93.8689,24.5268],[93.9132,24.5543],[93.9423,24.7193],[93.9148,24.9104]]]},"properties":{"district":"Imphal West","dt_code":"277","st_nm":"Manipur","st_code":"14","year":"2011_c"}},
{"type":"Feature","geometry":{"type":"Polygon","coordinates":[[[92.5156,24.8801],[92.2954,24.7372],[92.2143,24.509],[92.2954,24.245],[92.4223,24.2505],[92.5798,24.8719],[92.5156,24.8801]]]},"properties":{"district":"Karimganj","dt_code":"317","st_nm":"Assam","st_code":"18","year":"2011_c"}},
{"type":"Feature","geometry":{"type":"Polygon","coordinates":[[[92.7618,24.5131],[92.5798,24.8719],[92.4223,24.2505],[92.5324,24.1776],[92.7618,24.5131]]]},"properties":{"district":"Hailakandi","dt_code":"318","st_nm":"Assam","st_code":"18","year":"2011_c"}},
{"type":"Feature","geometry":{"type":"Polygon","coordinates":[[[93.8689,24.5268],[93.8658,24.2931],[93.8628,24.2079],[94.0386,24.4485],[94.0233,24.52],[93.9132,24.5543],[93.8689,24.5268]]]},"properties":{"district":"Kakching","dt_code":"768","st_nm":"Manipur","st_code":"14","year":"2016_c"}},
{"type":"Feature","geometry":{"type":"Polygon","coordinates":[[[93.7695,24.7344],[93.7374,24.6244],[93.7343,24.6176],[93.6976,24.4251],[93.8658,24.2931],[93.8689,24.5268],[93.7695,24.7344]]]},"properties":{"district":"Bishnupur","dt_code":"275","st_nm":"Manipur","st_code":"14","year":"2011_c"}},
{"type":"Feature","geometry":{"type":"Polygon","coordinates":[[[93.8628,24.2079],[93.7404,24.0058],[94.1564,23.8477],[94.2527,24.1144],[94.0386,24.4485],[93.8628,24.2079]]]},"properties":{"district":"Chandel","dt_code":"280","st_nm":"Manipur","st_code":"14","year":"2011_c"}},
{"type":"Feature","geometry":{"type":"Polygon","coordinates":[[[93.8628,24.2079],[93.8658,24.2931],[93.6976,24.4251],[93.7343,24.6176],[93.3887,24.5681],[93.479,24.2491],[93.378,24.0883],[93.5049,23.9426],[93.7404,24.0058],[93.8628,24.2079]]]},"properties":{"district":"Churachandpur","dt_code":"274","st_nm":"Manipur","st_code":"14","year":"2011_c"}},
{"type":"Feature","geometry":{"type":"Polygon","coordinates":[[[92.2954,24.245],[92.2143,24.509],[92.0706,24.377],[92.2036,24.1818],[92.0843,23.9893],[92.1761,23.7075],[92.2648,23.7267],[92.2954,24.245]]]},"properties":{"district":"North Tripura","dt_code":"292","st_nm":"Tripura","st_code":"16","year":"2011_c"}},
{"type":"Feature","geometry":{"type":"Polygon","coordinates":[[[92.0843,23.9893],[91.9238,24.1089],[91.7556,24.1419],[91.7678,23.6882],[91.8045,23.515],[91.9742,23.4806],[92.1761,23.7075],[92.0843,23.9893]]]},"properties":{"district":"Dhalai","dt_code":"291","st_nm":"Tripura","st_code":"16","year":"2011_c"}},
{"type":"Feature","geometry":{"type":"Polygon","coordinates":[[[91.4207,23.3748],[91.3977,23.5851],[91.569,23.7597],[91.5644,23.7872],[91.2265,23.7322],[91.1607,23.5947],[91.3197,23.2772],[91.4207,23.3748]]]},"properties":{"district":"Sipahijala","dt_code":"707","st_nm":"Tripura","st_code":"16","year":"update2014"}},
{"type":"Feature","geometry":{"type":"Polygon","coordinates":[[[91.7678,23.6882],[91.569,23.7597],[91.3977,23.5851],[91.4207,23.3748],[91.7586,23.2662],[91.8045,23.515],[91.7678,23.6882]]]},"properties":{"district":"Gomati","dt_code":"709","st_nm":"Tripura","st_code":"16","year":"update2014"}},
{"type":"Feature","geometry":{"type":"Polygon","coordinates":[[[94.164,26.3511],[93.9545,25.9689],[94.0019,25.9909],[94.2757,26.0047],[94.372,26.1958],[94.3139,26.4611],[94.164,26.3511]]]},"properties":{"district":"Wokha","dt_code":"264","st_nm":"Nagaland","st_code":"13","year":"2011_c"}},
{"type":"Feature","geometry":{"type":"Polygon","coordinates":[[[94.372,26.1958],[94.2757,26.0047],[94.2726,25.7943],[94.4561,25.8535],[94.713,25.7586],[94.6687,26.0198],[94.583,26.2191],[94.372,26.1958]]]},"properties":{"district":"Zunheboto","dt_code":"263","st_nm":"Nagaland","st_code":"13","year":"2011_c"}},
{"type":"Feature","geometry":{"type":"Polygon","coordinates":[[[94.713,25.7586],[94.4561,25.8535],[94.2726,25.7943],[94.19,25.5483],[94.4882,25.6046],[94.6748,25.4452],[94.8827,25.5868],[94.713,25.7586]]]},"properties":{"district":"Phek","dt_code":"266","st_nm":"Nagaland","st_code":"13","year":"2011_c"}},
{"type":"Feature","geometry":{"type":"Polygon","coordinates":[[[90.1224,25.9593],[89.8991,25.727],[90.0199,25.6074],[90.1514,25.375],[89.9741,25.2994],[90.234,25.2032],[90.3197,25.4644],[90.4007,25.7586],[90.4343,25.9909],[90.1224,25.9593]]]},"properties":{"district":"West Garo Hills","dt_code":"293","st_nm":"Meghalaya","st_code":"17","year":"2011_c"}},
{"type":"Feature","geometry":{"type":"Polygon","coordinates":[[[90.942,25.7545],[90.8319,25.8191],[90.4007,25.7586],[90.3197,25.4644],[90.6438,25.4163],[90.7616,25.5524],[90.942,25.7545]]]},"properties":{"district":"East Garo Hills","dt_code":"294","st_nm":"Meghalaya","st_code":"17","year":"2011_c"}},
{"type":"Feature","geometry":{"type":"Polygon","coordinates":[[[93.9362,25.5593],[94.19,25.5483],[94.2726,25.7943],[94.2757,26.0047],[94.0019,25.9909],[93.9285,25.6706],[93.9362,25.5593]]]},"properties":{"district":"Kohima","dt_code":"270","st_nm":"Nagaland","st_code":"13","year":"2011_c"}},
{"type":"Feature","geometry":{"type":"Polygon","coordinates":[[[93.7756,25.9689],[93.5126,25.6747],[93.9285,25.6706],[94.0019,25.9909],[93.9545,25.9689],[93.7756,25.9689]]]},"properties":{"district":"Dimapur","dt_code":"265","st_nm":"Nagaland","st_code":"13","year":"2011_c"}},
{"type":"Feature","geometry":{"type":"Polygon","coordinates":[[[95.5189,27.884],[95.5632,28.2552],[95.3828,28.3115],[95.2283,28.1562],[95.0678,28.0228],[95.1366,27.8152],[95.5143,27.8799],[95.5189,27.884]]]},"properties":{"district":"East Siang","dt_code":"251","st_nm":"Arunachal Pradesh","st_code":"12","year":"2011_c"}},
{"type":"Feature","geometry":{"type":"Polygon","coordinates":[[[96.3049,28.3693],[95.97,27.9596],[95.7743,27.7328],[96.2086,27.8771],[96.311,27.5705],[96.6994,27.6599],[96.6321,27.8111],[96.2881,28.0613],[96.3049,28.3693]]]},"properties":{"district":"Lohit","dt_code":"259","st_nm":"Arunachal Pradesh","st_code":"12","year":"2011_c"}},
{"type":"Feature","geometry":{"type":"Polygon","coordinates":[[[93.2236,28.3418],[92.8015,28.2015],[92.7342,27.9761],[92.9789,27.8235],[93.2389,27.8015],[93.2297,27.6035],[93.5141,27.6503],[93.6181,27.9541],[93.456,28.2717],[93.2236,28.3418]]]},"properties":{"district":"Kurung Kumey","dt_code":"256","st_nm":"Arunachal Pradesh","st_code":"12","year":"2011_c"}},
{"type":"Feature","geometry":{"type":"Polygon","coordinates":[[[93.9423,27.5114],[93.8903,27.8207],[93.5432,27.6214],[93.6655,27.3368],[93.9423,27.5114]]]},"properties":{"district":"Lower Subansiri","dt_code":"255","st_nm":"Arunachal Pradesh","st_code":"12","year":"2011_c"}},
{"type":"Feature","geometry":{"type":"Polygon","coordinates":[[[92.4605,27.7822],[92.6608,27.4825],[92.8031,27.4482],[92.8092,27.1774],[93.3306,27.3547],[93.2297,27.6035],[93.2389,27.8015],[92.9789,27.8235],[92.7342,27.9761],[92.4682,27.8152],[92.4605,27.7822]]]},"properties":{"district":"East Kameng","dt_code":"247","st_nm":"Arunachal Pradesh","st_code":"12","year":"2011_c"}},
{"type":"Feature","geometry":{"type":"Polygon","coordinates":[[[92.014,27.4894],[92.0339,27.0646],[92.1134,26.8928],[92.3596,26.9258],[92.6562,27.0083],[92.8092,27.1774],[92.8031,27.4482],[92.6608,27.4825],[92.4605,27.7822],[92.3932,27.6723],[92.014,27.4894]]]},"properties":{"district":"West Kameng","dt_code":"246","st_nm":"Arunachal Pradesh","st_code":"12","year":"2011_c"}},
{"type":"Feature","geometry":{"type":"Polygon","coordinates":[[[92.1317,25.6404],[92.1119,25.3063],[92.017,25.1895],[92.199,25.1248],[92.1746,25.3544],[92.5691,25.4658],[92.6608,25.5716],[92.4437,25.7201],[92.1516,25.672],[92.1317,25.6404]]]},"properties":{"district":"West Jaintia Hills","dt_code":"299","st_nm":"Meghalaya","st_code":"17","year":"2011_c"}},
{"type":"Feature","geometry":{"type":"Polygon","coordinates":[[[90.8396,25.3077],[90.9696,25.173],[91.3549,25.2334],[91.5476,25.2871],[91.5461,25.4823],[91.1684,25.4658],[90.8396,25.3077]]]},"properties":{"district":"South West Khasi Hills","dt_code":"713","st_nm":"Meghalaya","st_code":"17","year":"update2014"}},
{"type":"Feature","geometry":{"type":"Polygon","coordinates":[[[91.0261,25.8865],[90.4343,25.9909],[90.4007,25.7586],[90.8319,25.8191],[90.942,25.7545],[91.0078,25.8246],[91.0261,25.8865]]]},"properties":{"district":"North Garo Hills","dt_code":"712","st_nm":"Meghalaya","st_code":"17","year":"update2014"}},
{"type":"Feature","geometry":{"type":"Polygon","coordinates":[[[90.0199,25.6074],[89.8716,25.4768],[89.9741,25.2994],[90.1514,25.375],[90.0199,25.6074]]]},"properties":{"district":"South West Garo Hills","dt_code":"711","st_nm":"Meghalaya","st_code":"17","year":"update2014"}},
{"type":"Feature","geometry":{"type":"Polygon","coordinates":[[[91.7556,24.1419],[91.4696,24.0622],[91.5644,23.7872],[91.569,23.7597],[91.7678,23.6882],[91.7556,24.1419]]]},"properties":{"district":"Khowai","dt_code":"708","st_nm":"Tripura","st_code":"16","year":"update2014"}},
{"type":"Feature","geometry":{"type":"Polygon","coordinates":[[[91.5644,23.7872],[91.4696,24.0622],[91.2999,23.9975],[91.2265,23.7322],[91.5644,23.7872]]]},"properties":{"district":"West Tripura","dt_code":"289","st_nm":"Tripura","st_code":"16","year":"2011_c"}},
{"type":"Feature","geometry":{"type":"Polygon","coordinates":[[[91.3197,23.2772],[91.4543,23.2607],[91.543,22.9995],[91.806,23.0627],[91.7586,23.2662],[91.4207,23.3748],[91.3197,23.2772]]]},"properties":{"district":"South Tripura","dt_code":"290","st_nm":"Tripura","st_code":"16","year":"2011_c"}},
{"type":"Feature","geometry":{"type":"Polygon","coordinates":[[[92.0706,24.377],[91.9238,24.1089],[92.0843,23.9893],[92.2036,24.1818],[92.0706,24.377]]]},"properties":{"district":"Unokoti","dt_code":"710","st_nm":"Tripura","st_code":"16","year":"update2014"}},
{"type":"Feature","geometry":{"type":"Polygon","coordinates":[[[94.8353,27.0921],[94.924,26.9491],[95.1962,27.0344],[95.369,27.11],[94.9852,27.1691],[94.8353,27.0921]]]},"properties":{"district":"Charaideo","dt_code":"755","st_nm":"Assam","st_code":"18","year":"2015_c"}},
{"type":"Feature","geometry":{"type":"Polygon","coordinates":[[[94.5631,27.1815],[93.9637,26.9244],[94.0004,26.8667],[94.3965,26.9505],[94.5937,27.1457],[94.5631,27.1815]]]},"properties":{"district":"Majuli","dt_code":"760","st_nm":"Assam","st_code":"18","year":"2016_c"}},
{"type":"Feature","geometry":{"type":"Polygon","coordinates":[[[93.3979,26.9574],[93.0615,26.9216],[93.1441,26.5945],[93.3062,26.6976],[93.7695,26.8447],[93.6976,26.9945],[93.3979,26.9574]]]},"properties":{"district":"Biswanath","dt_code":"756","st_nm":"Assam","st_code":"18","year":"2015_c"}},
{"type":"Feature","geometry":{"type":"Polygon","coordinates":[[[92.7526,26.0542],[93.0645,25.7751],[93.1425,25.7187],[93.2404,25.8466],[93.1089,26.0775],[92.8015,26.2013],[92.7526,26.0542]]]},"properties":{"district":"Hojai","dt_code":"757","st_nm":"Assam","st_code":"18","year":"2015_c"}},
{"type":"Feature","geometry":{"type":"Polygon","coordinates":[[[89.8425,25.8823],[89.8716,25.4768],[90.0199,25.6074],[89.8991,25.727],[90.1224,25.9593],[90.179,26.0487],[89.8425,25.8823]]]},"properties":{"district":"South Salmara Mankachar","dt_code":"758","st_nm":"Assam","st_code":"18","year":"2015_c"}},
{"type":"Feature","geometry":{"type":"Polygon","coordinates":[[[93.297,26.5752],[93.0126,26.5078],[92.8015,26.2013],[93.1089,26.0775],[93.2404,25.8466],[93.1425,25.7187],[93.3291,25.5428],[93.5126,25.6747],[93.7756,25.9689],[93.8934,26.3717],[93.7007,26.6068],[93.297,26.5752]]]},"properties":{"district":"Karbi Anglong","dt_code":"314","st_nm":"Assam","st_code":"18","year":"2011_c"}},
{"type":"Feature","geometry":{"type":"Polygon","coordinates":[[[92.3948,26.1133],[92.274,26.0652],[92.1639,25.9703],[92.1516,25.672],[92.4437,25.7201],[92.6608,25.5716],[92.8214,25.7407],[93.0645,25.7751],[92.7526,26.0542],[92.3948,26.1133]]]},"properties":{"district":"West Karbi Anglong","dt_code":"759","st_nm":"Assam","st_code":"18","year":"2016_c"}},
{"type":"Feature","geometry":{"type":"Polygon","coordinates":[[[93.456,28.2717],[93.6181,27.9541],[93.5141,27.6503],[93.5432,27.6214],[93.8903,27.8207],[93.9622,27.9788],[93.8398,28.2373],[93.456,28.2717]]]},"properties":{"district":"Kra Daadi","dt_code":"763","st_nm":"Arunachal Pradesh","st_code":"12","year":"2015_c"}},
{"type":"Feature","geometry":{"type":"Polygon","coordinates":[[[95.8737,27.5444],[96.311,27.5705],[96.2086,27.8771],[95.7743,27.7328],[95.8737,27.5444]]]},"properties":{"district":"Namsai","dt_code":"762","st_nm":"Arunachal Pradesh","st_code":"12","year":"2014_c"}},
{"type":"Feature","geometry":{"type":"Polygon","coordinates":[[[95.369,27.11],[95.1962,27.0344],[95.2345,26.6824],[95.496,26.8172],[95.3767,27.0962],[95.369,27.11]]]},"properties":{"district":"Longding","dt_code":"761","st_nm":"Arunachal Pradesh","st_code":"12","year":"2012_c"}},
{"type":"Feature","geometry":{"type":"Polygon","coordinates":[[[93.9423,24.7193],[94.0799,24.689],[93.9148,24.9104],[93.9423,24.7193]]]},"properties":{"district":"Imphal East","dt_code":"278","st_nm":"Manipur","st_code":"14","year":"2011_c"}},
{"type":"Feature","geometry":{"type":"Polygon","coordinates":[[[93.1746,24.7977],[93.0875,24.5722],[93.1777,24.5364],[93.2144,24.6973],[93.1746,24.7977]]]},"properties":{"district":"Jiribam","dt_code":"766","st_nm":"Manipur","st_code":"14","year":"2016_c"}},
{"type":"Feature","geometry":{"type":"Polygon","coordinates":[[[94.1671,24.9269],[94.2145,25.1757],[93.9973,25.1922],[93.9209,25.3957],[93.7726,25.1537],[93.7573,24.7922],[93.7374,24.6244],[93.7695,24.7344],[93.9148,24.9104],[94.0799,24.689],[94.1197,24.6258],[94.1732,24.6313],[94.1671,24.9269]]]},"properties":{"district":"Kangpokpi","dt_code":"767","st_nm":"Manipur","st_code":"14","year":"2016_c"}},
{"type":"Feature","geometry":{"type":"Polygon","coordinates":[[[93.9132,24.5543],[94.0233,24.52],[94.1197,24.6258],[94.0799,24.689],[93.9423,24.7193],[93.9132,24.5543]]]},"properties":{"district":"Thoubal","dt_code":"276","st_nm":"Manipur","st_code":"14","year":"2011_c"}},
{"type":"Feature","geometry":{"type":"Polygon","coordinates":[[[94.1732,24.6313],[94.1197,24.6258],[94.0233,24.52],[94.0386,24.4485],[94.2527,24.1144],[94.3751,24.4938],[94.1732,24.6313]]]},"properties":{"district":"Tengnoupal","dt_code":"769","st_nm":"Manipur","st_code":"14","year":"2016_c"}},
{"type":"Feature","geometry":{"type":"Polygon","coordinates":[[[94.6534,25.1152],[94.6748,25.4452],[94.4882,25.6046],[94.2145,25.1757],[94.1671,24.9269],[94.6534,25.1152]]]},"properties":{"district":"Ukhrul","dt_code":"279","st_nm":"Manipur","st_code":"14","year":"2011_c"}},
{"type":"Feature","geometry":{"type":"Polygon","coordinates":[[[93.2144,24.6973],[93.1777,24.5364],[93.3887,24.5681],[93.7343,24.6176],[93.7374,24.6244],[93.7573,24.7922],[93.4071,24.8251],[93.2144,24.6973]]]},"properties":{"district":"Noney","dt_code":"771","st_nm":"Manipur","st_code":"14","year":"2016_c"}},
{"type":"Feature","geometry":{"type":"Polygon","coordinates":[[[93.2068,24.047],[93.2526,24.0209],[93.378,24.0883],[93.479,24.2491],[93.3887,24.5681],[93.1777,24.5364],[93.0875,24.5722],[93.0095,24.4127],[92.9759,24.1158],[93.2068,24.047]]]},"properties":{"district":"Pherzawl","dt_code":"772","st_nm":"Manipur","st_code":"14","year":"2016_c"}},
{"type":"Feature","geometry":{"type":"Polygon","coordinates":[[[95.3828,28.3115],[95.395,28.5301],[95.2696,29.0498],[94.8736,29.1831],[94.6794,29.3275],[94.187,29.0388],[94.3949,28.9315],[94.8201,28.5686],[95.0846,28.526],[95.106,28.2634],[95.2283,28.1562],[95.3828,28.3115]]]},"properties":{"district":"Upper Siang","dt_code":"252","st_nm":"Arunachal Pradesh","st_code":"12","year":"2011_c"}},
{"type":"Feature","geometry":{"type":"Polygon","coordinates":[[[94.3185,27.7726],[94.213,27.6063],[94.4622,27.5554],[95.1366,27.8152],[95.0678,28.0228],[94.9286,28.0517],[94.8935,28.016],[94.9011,27.8235],[94.5953,27.8702],[94.3185,27.7726]]]},"properties":{"district":"Lower Siang","dt_code":"779","st_nm":"Arunachal Pradesh","st_code":"12","year":"2018"}},
{"type":"Feature","geometry":{"type":"Polygon","coordinates":[[[95.395,28.5301],[95.8324,28.2744],[95.9486,28.482],[96.3263,28.5109],[96.5847,28.7171],[96.519,28.9673],[96.1504,29.0498],[96.2437,29.2326],[96.0893,29.4594],[95.2696,29.0498],[95.395,28.5301]]]},"properties":{"district":"Upper Dibang Valley","dt_code":"257","st_nm":"Arunachal Pradesh","st_code":"12","year":"2011_c"}},
{"type":"Feature","geometry":{"type":"Polygon","coordinates":[[[96.3141,28.383],[96.3263,28.5109],[95.9486,28.482],[95.8324,28.2744],[95.395,28.5301],[95.3828,28.3115],[95.5632,28.2552],[95.5189,27.884],[95.97,27.9596],[96.3049,28.3693],[96.3141,28.383]]]},"properties":{"district":"Lower Dibang Valley","dt_code":"258","st_nm":"Arunachal Pradesh","st_code":"12","year":"2011_c"}},
{"type":"Feature","geometry":{"type":"Polygon","coordinates":[[[95.2283,28.1562],[95.106,28.2634],[95.0846,28.526],[94.8201,28.5686],[94.3949,28.9315],[94.5586,28.4944],[94.4852,28.3954],[94.9286,28.0517],[95.0678,28.0228],[95.2283,28.1562]]]},"properties":{"district":"Siang","dt_code":"764","st_nm":"Arunachal Pradesh","st_code":"12","year":"2015_c"}},
{"type":"Feature","geometry":{"type":"Polygon","coordinates":[[[94.4011,28.339],[94.4852,28.3954],[94.5586,28.4944],[94.3949,28.9315],[94.187,29.0388],[93.9622,28.713],[94.0019,28.5782],[94.4011,28.339]]]},"properties":{"district":"Shi Yomi","dt_code":"785","st_nm":"Arunachal Pradesh","st_code":"12","year":"2018"}},
{"type":"Feature","geometry":{"type":"Polygon","coordinates":[[[93.3306,27.3547],[92.8092,27.1774],[92.6562,27.0083],[93.0615,26.9216],[93.3979,26.9574],[93.3306,27.3547]]]},"properties":{"district":"Pakke Kessang","dt_code":"783","st_nm":"Arunachal Pradesh","st_code":"12","year":"2018"}},
{"type":"Feature","geometry":{"type":"Polygon","coordinates":[[[94.4852,28.0215],[94.8935,28.016],[94.9286,28.0517],[94.4852,28.3954],[94.4011,28.339],[94.4852,28.0215]]]},"properties":{"district":"West Siang","dt_code":"250","st_nm":"Arunachal Pradesh","st_code":"12","year":"2011_c"}},
{"type":"Feature","geometry":{"type":"Polygon","coordinates":[[[94.5953,27.8702],[94.9011,27.8235],[94.8935,28.016],[94.4852,28.0215],[94.5953,27.8702]]]},"properties":{"district":"Lepa Rada","dt_code":"784","st_nm":"Arunachal Pradesh","st_code":"12","year":"2018"}},
{"type":"Feature","geometry":{"type":"Polygon","coordinates":[[[93.9622,27.9788],[93.8903,27.8207],[93.9423,27.5114],[94.2191,27.5045],[94.2665,27.5197],[94.213,27.6063],[94.3185,27.7726],[93.9622,27.9788]]]},"properties":{"district":"Kamle","dt_code":"778","st_nm":"Arunachal Pradesh","st_code":"12","year":"2018"}},
{"type":"Feature","geometry":{"type":"Polygon","coordinates":[[[92.8734,12.3314],[92.9743,12.5431],[92.9116,13.0545],[93.034,13.082],[93.0431,13.5288],[92.8413,13.3913],[92.7939,12.862],[92.6991,12.3286],[92.8734,12.3314]]]},"properties":{"district":"North and Middle Andaman","dt_code":"639","st_nm":"Andaman and Nicobar Islands","st_code":"35","year":"2011_c"}},
{"type":"Feature","geometry":{"type":"Polygon","coordinates":[[[92.7556,12.1774],[92.6226,12.1018],[92.5507,11.7196],[92.7511,11.6096],[92.7556,12.1774]]]},"properties":{"district":"South Andaman","dt_code":"640","st_nm":"Andaman and Nicobar Islands","st_code":"35","year":"2011_c"}},
{"type":"Feature","geometry":{"type":"Polygon","coordinates":[[[93.8368,7.2407],[93.6456,7.1266],[93.8001,6.7664],[93.9148,6.9492],[93.8368,7.2407]]]},"properties":{"district":"Nicobars","dt_code":"638","st_nm":"Andaman and Nicobar Islands","st_code":"35","year":"2011_c"}},
{"type":"Feature","geometry":{"type":"Polygon","coordinates":[[[78.0724,29.0828],[78.1213,28.8779],[78.21,28.6263],[78.3048,28.438],[78.4073,28.7817],[78.6229,28.8064],[78.5327,29.0649],[78.0724,29.0828]]]},"properties":{"district":"Amroha","dt_code":"137","st_nm":"Uttar Pradesh","st_code":"09","year":"2011_c"}},
{"type":"Feature","geometry":{"type":"Polygon","coordinates":[[[75.4743,28.926],[74.1607,28.7762],[74.0277,28.3761],[74.2938,28.1452],[74.2265,27.8166],[73.8671,27.7795],[73.8748,27.5375],[74.1959,27.499],[74.3412,27.6819],[74.7173,27.6778],[74.8871,28.1892],[75.0247,28.2029],[75.248,28.4641],[75.5003,28.3363],[75.67,28.5191],[75.4743,28.926]]]},"properties":{"district":"Churu","dt_code":"102","st_nm":"Rajasthan","st_code":"08","year":"2011_c"}},
{"type":"Feature","geometry":{"type":"Polygon","coordinates":[[[78.1213,28.8779],[77.6901,28.7446],[77.5662,28.6525],[77.684,28.5576],[77.9623,28.7157],[78.21,28.6263],[78.1213,28.8779]]]},"properties":{"district":"Hapur","dt_code":"705","st_nm":"Uttar Pradesh","st_code":"09","year":"update2014"}},
{"type":"Feature","geometry":{"type":"Polygon","coordinates":[[[77.3414,28.6098],[77.2222,28.8312],[77.216,28.8532],[76.9423,28.7982],[76.8842,28.5026],[77.1748,28.405],[77.3476,28.5205],[77.3414,28.6098]]]},"properties":{"district":"Delhi","st_nm":"Delhi","st_code":"07","year":"2011_c"}},
{"type":"Feature","geometry":{"type":"Polygon","coordinates":[[[76.8842,28.8092],[76.4224,28.702],[76.2924,28.4682],[76.6686,28.3789],[76.8842,28.5026],[76.9423,28.7982],[76.8842,28.8092]]]},"properties":{"district":"Jhajjar","dt_code":"083","st_nm":"Haryana","st_code":"06","year":"2011_c"}},
{"type":"Feature","geometry":{"type":"Polygon","coordinates":[[[79.6826,28.8546],[79.4227,28.8972],[79.2055,28.5714],[78.9715,28.4215],[79.1015,28.2208],[79.4242,28.174],[79.5037,28.016],[79.7025,28.2565],[79.782,28.504],[79.6215,28.6428],[79.6826,28.8546]]]},"properties":{"district":"Bareilly","dt_code":"150","st_nm":"Uttar Pradesh","st_code":"09","year":"2011_c"}},
{"type":"Feature","geometry":{"type":"Polygon","coordinates":[[[79.7025,28.2565],[80.3585,28.3294],[80.3142,28.6291],[80.0649,28.8367],[79.6826,28.8546],[79.6215,28.6428],[79.782,28.504],[79.7025,28.2565]]]},"properties":{"district":"Pilibhit","dt_code":"151","st_nm":"Uttar Pradesh","st_code":"09","year":"2011_c"}},
{"type":"Feature","geometry":{"type":"Polygon","coordinates":[[[78.21,28.6263],[77.9623,28.7157],[77.684,28.5576],[77.7329,28.1287],[78.1794,28.0764],[78.4791,28.1122],[78.3048,28.438],[78.21,28.6263]]]},"properties":{"district":"Bulandshahr","dt_code":"142","st_nm":"Uttar Pradesh","st_code":"09","year":"2011_c"}},
{"type":"Feature","geometry":{"type":"Polygon","coordinates":[[[77.5662,28.6525],[77.3414,28.6098],[77.3476,28.5205],[77.5005,28.2057],[77.476,28.0847],[77.7329,28.1287],[77.684,28.5576],[77.5662,28.6525]]]},"properties":{"district":"Gautam Buddha Nagar","dt_code":"141","st_nm":"Uttar Pradesh","st_code":"09","year":"2011_c"}},
{"type":"Feature","geometry":{"type":"Polygon","coordinates":[[[80.3585,28.3294],[80.2545,28.0902],[80.0297,27.9018],[80.0603,27.7602],[80.3111,27.6805],[80.6414,27.8386],[81.1797,27.785],[81.2822,27.6819],[81.3051,27.9073],[81.0405,28.2854],[81.0528,28.405],[80.5527,28.691],[80.3142,28.6291],[80.3585,28.3294]]]},"properties":{"district":"Lakhimpur Kheri","dt_code":"153","st_nm":"Uttar Pradesh","st_code":"09","year":"2011_c"}},
{"type":"Feature","geometry":{"type":"Polygon","coordinates":[[[75.0247,28.2029],[75.2847,27.719],[75.6869,27.6791],[75.9331,27.928],[76.0554,28.2208],[75.8933,28.3899],[75.67,28.5191],[75.5003,28.3363],[75.248,28.4641],[75.0247,28.2029]]]},"properties":{"district":"Jhunjhunu","dt_code":"103","st_nm":"Rajasthan","st_code":"08","year":"2011_c"}},
{"type":"Feature","geometry":{"type":"Polygon","coordinates":[[[76.6686,28.3789],[76.8582,28.229],[77.1916,28.2084],[77.2237,28.2662],[77.1748,28.405],[76.8842,28.5026],[76.6686,28.3789]]]},"properties":{"district":"Gurugram","dt_code":"086","st_nm":"Haryana","st_code":"06","year":"2011_c"}},
{"type":"Feature","geometry":{"type":"Polygon","coordinates":[[[77.3476,28.5205],[77.1748,28.405],[77.2237,28.2662],[77.5005,28.2057],[77.3476,28.5205]]]},"properties":{"district":"Faridabad","dt_code":"088","st_nm":"Haryana","st_code":"06","year":"2011_c"}},
{"type":"Feature","geometry":{"type":"Polygon","coordinates":[[[75.9331,27.928],[76.0768,27.8414],[76.2251,27.8331],[76.1594,27.9981],[76.3123,28.1782],[76.2848,28.4298],[75.9055,28.4325],[75.8933,28.3899],[76.0554,28.2208],[75.9331,27.928]]]},"properties":{"district":"Mahendragarh","dt_code":"084","st_nm":"Haryana","st_code":"06","year":"2011_c"}},
{"type":"Feature","geometry":{"type":"Polygon","coordinates":[[[76.2924,28.4682],[76.2848,28.4298],[76.3123,28.1782],[76.5432,28.0338],[76.8536,28.2208],[76.8582,28.229],[76.6686,28.3789],[76.2924,28.4682]]]},"properties":{"district":"Rewari","dt_code":"085","st_nm":"Haryana","st_code":"06","year":"2011_c"}},
{"type":"Feature","geometry":{"type":"Polygon","coordinates":[[[78.9715,28.4215],[78.9394,28.46],[78.8722,28.4682],[78.6519,28.3184],[78.5785,28.0627],[78.6076,28.0187],[79.0969,27.8304],[79.1841,27.7135],[79.3508,27.6585],[79.5037,28.016],[79.4242,28.174],[79.1015,28.2208],[78.9715,28.4215]]]},"properties":{"district":"Budaun","dt_code":"149","st_nm":"Uttar Pradesh","st_code":"09","year":"2011_c"}},
{"type":"Feature","geometry":{"type":"Polygon","coordinates":[[[71.8807,27.9142],[71.2048,27.8359],[70.7583,27.7218],[70.6772,27.9211],[70.3714,28.0118],[70.1328,27.8056],[70.0258,27.5623],[69.5869,27.1842],[69.5105,26.7429],[69.8866,26.5793],[70.1741,26.5518],[70.1405,26.1559],[70.6543,26.1958],[70.9403,26.0789],[71.2124,26.4432],[71.5733,26.5065],[71.8929,26.2975],[72.0642,26.3511],[72.1024,26.8873],[71.8088,27.4413],[72.0489,27.6159],[72.2431,27.4839],[72.1391,27.8799],[71.8807,27.9142]]]},"properties":{"district":"Jaisalmer","dt_code":"114","st_nm":"Rajasthan","st_code":"08","year":"2011_c"}},
{"type":"Feature","geometry":{"type":"Polygon","coordinates":[[[81.2822,27.6819],[81.4121,27.3341],[81.5146,27.0839],[81.981,27.4344],[81.6813,27.5719],[81.7424,27.9527],[81.0528,28.405],[81.0405,28.2854],[81.3051,27.9073],[81.2822,27.6819]]]},"properties":{"district":"Bahraich","dt_code":"180","st_nm":"Uttar Pradesh","st_code":"09","year":"2011_c"}},
{"type":"Feature","geometry":{"type":"Polygon","coordinates":[[[76.8582,28.229],[76.8536,28.2208],[76.9698,28.1383],[76.9775,27.6544],[77.0448,27.8207],[77.2833,27.7987],[77.3445,27.8496],[77.1579,27.9486],[77.1916,28.2084],[76.8582,28.229]]]},"properties":{"district":"Nuh","dt_code":"087","st_nm":"Haryana","st_code":"06","year":"2011_c"}},
{"type":"Feature","geometry":{"type":"Polygon","coordinates":[[[79.5037,28.016],[79.3508,27.6585],[79.7361,27.4454],[79.6857,27.6379],[80.0603,27.7602],[80.0297,27.9018],[80.2545,28.0902],[80.3585,28.3294],[79.7025,28.2565],[79.5037,28.016]]]},"properties":{"district":"Shahjahanpur","dt_code":"152","st_nm":"Uttar Pradesh","st_code":"09","year":"2011_c"}},
{"type":"Feature","geometry":{"type":"Polygon","coordinates":[[[74.7173,27.6778],[74.8993,27.3313],[75.3153,27.1444],[75.9178,27.4509],[76.0768,27.8414],[75.9331,27.928],[75.6869,27.6791],[75.2847,27.719],[75.0247,28.2029],[74.8871,28.1892],[74.7173,27.6778]]]},"properties":{"district":"Sikar","dt_code":"111","st_nm":"Rajasthan","st_code":"08","year":"2011_c"}},
{"type":"Feature","geometry":{"type":"Polygon","coordinates":[[[77.5005,28.2057],[77.2237,28.2662],[77.1916,28.2084],[77.1579,27.9486],[77.3445,27.8496],[77.5295,27.9266],[77.476,28.0847],[77.5005,28.2057]]]},"properties":{"district":"Palwal","dt_code":"089","st_nm":"Haryana","st_code":"06","year":"2011_c"}},
{"type":"Feature","geometry":{"type":"Polygon","coordinates":[[[76.2251,27.8331],[76.2374,27.4743],[76.1166,27.2337],[76.2802,27.0646],[76.9561,27.143],[77.1457,27.3203],[76.9775,27.6544],[76.9698,28.1383],[76.8536,28.2208],[76.5432,28.0338],[76.3123,28.1782],[76.1594,27.9981],[76.2251,27.8331]]]},"properties":{"district":"Alwar","dt_code":"104","st_nm":"Rajasthan","st_code":"08","year":"2011_c"}},
{"type":"Feature","geometry":{"type":"Polygon","coordinates":[[[88.4831,27.3753],[88.7935,27.4166],[88.844,27.9926],[88.6192,28.0984],[88.2048,27.9417],[88.1146,27.6186],[88.2812,27.5128],[88.4831,27.3753]]]},"properties":{"district":"North Sikkim","dt_code":"241","st_nm":"Sikkim","st_code":"11","year":"2011_c"}},
{"type":"Feature","geometry":{"type":"Polygon","coordinates":[[[77.7329,28.1287],[77.476,28.0847],[77.5295,27.9266],[77.765,27.9032],[77.8996,27.5788],[78.1351,27.7726],[78.4746,27.8084],[78.6076,28.0187],[78.5785,28.0627],[78.4791,28.1122],[78.1794,28.0764],[77.7329,28.1287]]]},"properties":{"district":"Aligarh","dt_code":"143","st_nm":"Uttar Pradesh","st_code":"09","year":"2011_c"}},
{"type":"Feature","geometry":{"type":"Polygon","coordinates":[[[78.6076,28.0187],[78.4746,27.8084],[78.5113,27.741],[78.8859,27.587],[79.2162,27.5788],[79.1841,27.7135],[79.0969,27.8304],[78.6076,28.0187]]]},"properties":{"district":"Kasganj","dt_code":"202","st_nm":"Uttar Pradesh","st_code":"09","year":"2011_c"}},
{"type":"Feature","geometry":{"type":"Polygon","coordinates":[[[77.2833,27.7987],[77.3399,27.5265],[77.6457,27.242],[77.9822,27.3258],[77.8996,27.5788],[77.765,27.9032],[77.5295,27.9266],[77.3445,27.8496],[77.2833,27.7987]]]},"properties":{"district":"Mathura","dt_code":"145","st_nm":"Uttar Pradesh","st_code":"09","year":"2011_c"}},
{"type":"Feature","geometry":{"type":"Polygon","coordinates":[[[76.0768,27.8414],[75.9178,27.4509],[75.3153,27.1444],[75.1608,26.9326],[74.9743,26.8914],[74.9635,26.6838],[75.1669,26.4639],[75.7083,26.446],[76.1533,26.5216],[76.1441,26.6948],[76.2802,27.0646],[76.1166,27.2337],[76.2374,27.4743],[76.2251,27.8331],[76.0768,27.8414]]]},"properties":{"district":"Jaipur","dt_code":"110","st_nm":"Rajasthan","st_code":"08","year":"2011_c"}},
{"type":"Feature","geometry":{"type":"Polygon","coordinates":[[[81.981,27.4344],[82.0743,27.4014],[82.0223,27.5802],[82.2073,27.8441],[81.8847,27.8565],[81.7424,27.9527],[81.6813,27.5719],[81.981,27.4344]]]},"properties":{"district":"Shrawasti","dt_code":"181","st_nm":"Uttar Pradesh","st_code":"09","year":"2011_c"}},
{"type":"Feature","geometry":{"type":"Polygon","coordinates":[[[72.0642,26.3511],[72.2676,26.1972],[72.4587,26.3003],[72.6896,26.1862],[72.6208,25.9744],[72.8349,25.8645],[73.1927,26.0693],[73.627,26.1449],[73.8105,26.1105],[73.8702,26.4295],[73.7203,26.5395],[73.5934,26.8639],[73.1209,26.9409],[73.1331,27.308],[72.5535,27.62],[72.2431,27.4839],[72.0489,27.6159],[71.8088,27.4413],[72.1024,26.8873],[72.0642,26.3511]]]},"properties":{"district":"Jodhpur","dt_code":"113","st_nm":"Rajasthan","st_code":"08","year":"2011_c"}},
{"type":"Feature","geometry":{"type":"Polygon","coordinates":[[[80.3111,27.6805],[80.5176,27.2681],[80.8265,27.1017],[80.9304,27.1581],[81.4121,27.3341],[81.2822,27.6819],[81.1797,27.785],[80.6414,27.8386],[80.3111,27.6805]]]},"properties":{"district":"Sitapur","dt_code":"154","st_nm":"Uttar Pradesh","st_code":"09","year":"2011_c"}},
{"type":"Feature","geometry":{"type":"Polygon","coordinates":[[[76.9775,27.6544],[77.1457,27.3203],[76.9561,27.143],[77.0968,26.8625],[77.3476,26.7113],[77.4546,26.7429],[77.661,26.9711],[77.6457,27.242],[77.3399,27.5265],[77.2833,27.7987],[77.0448,27.8207],[76.9775,27.6544]]]},"properties":{"district":"Bharatpur","dt_code":"105","st_nm":"Rajasthan","st_code":"08","year":"2011_c"}},
{"type":"Feature","geometry":{"type":"Polygon","coordinates":[[[77.8996,27.5788],[77.9822,27.3258],[78.1978,27.4069],[78.5113,27.741],[78.4746,27.8084],[78.1351,27.7726],[77.8996,27.5788]]]},"properties":{"district":"Hathras","dt_code":"144","st_nm":"Uttar Pradesh","st_code":"09","year":"2011_c"}},
{"type":"Feature","geometry":{"type":"Polygon","coordinates":[[[73.8748,27.5375],[73.5445,27.4949],[73.3579,27.2598],[73.1331,27.308],[73.1209,26.9409],[73.5934,26.8639],[73.7203,26.5395],[73.8702,26.4295],[74.2907,26.4487],[74.6699,26.5958],[74.8519,26.9794],[74.9743,26.8914],[75.1608,26.9326],[75.3153,27.1444],[74.8993,27.3313],[74.7173,27.6778],[74.3412,27.6819],[74.1959,27.499],[73.8748,27.5375]]]},"properties":{"district":"Nagaur","dt_code":"112","st_nm":"Rajasthan","st_code":"08","year":"2011_c"}},
{"type":"Feature","geometry":{"type":"Polygon","coordinates":[[[78.5113,27.741],[78.1978,27.4069],[78.2895,27.3863],[78.7177,27.3437],[78.9379,27.4317],[79.2544,27.3286],[79.2162,27.5788],[78.8859,27.587],[78.5113,27.741]]]},"properties":{"district":"Etah","dt_code":"201","st_nm":"Uttar Pradesh","st_code":"09","year":"2011_c"}},
{"type":"Feature","geometry":{"type":"Polygon","coordinates":[[[80.0603,27.7602],[79.6857,27.6379],[79.7361,27.4454],[79.7224,27.2213],[79.9288,27.143],[80.0129,26.956],[80.0435,26.9244],[80.3081,27.0261],[80.5497,27.0138],[80.8265,27.1017],[80.5176,27.2681],[80.3111,27.6805],[80.0603,27.7602]]]},"properties":{"district":"Hardoi","dt_code":"155","st_nm":"Uttar Pradesh","st_code":"09","year":"2011_c"}},
{"type":"Feature","geometry":{"type":"Polygon","coordinates":[[[79.1841,27.7135],[79.2162,27.5788],[79.2544,27.3286],[79.3936,27.1966],[79.7224,27.2213],[79.7361,27.4454],[79.3508,27.6585],[79.1841,27.7135]]]},"properties":{"district":"Farrukhabad","dt_code":"159","st_nm":"Uttar Pradesh","st_code":"09","year":"2011_c"}},
{"type":"Feature","geometry":{"type":"Polygon","coordinates":[[[88.1146,27.6186],[88.0381,27.22],[88.2812,27.132],[88.2812,27.5128],[88.1146,27.6186]]]},"properties":{"district":"West Sikkim","dt_code":"242","st_nm":"Sikkim","st_code":"11","year":"2011_c"}},
{"type":"Feature","geometry":{"type":"Polygon","coordinates":[[[88.2812,27.5128],[88.2812,27.132],[88.425,27.0715],[88.532,27.176],[88.4831,27.3753],[88.2812,27.5128]]]},"properties":{"district":"South Sikkim","dt_code":"243","st_nm":"Sikkim","st_code":"11","year":"2011_c"}},
{"type":"Feature","geometry":{"type":"Polygon","coordinates":[[[88.4831,27.3753],[88.532,27.176],[88.7216,27.1389],[88.7935,27.4166],[88.4831,27.3753]]]},"properties":{"district":"East Sikkim","dt_code":"244","st_nm":"Sikkim","st_code":"11","year":"2011_c"}},
{"type":"Feature","geometry":{"type":"Polygon","coordinates":[[[78.2895,27.3863],[78.1947,27.1911],[78.6718,26.8804],[78.7391,26.9203],[78.8095,26.9574],[78.7177,27.3437],[78.2895,27.3863]]]},"properties":{"district":"Firozabad","dt_code":"147","st_nm":"Uttar Pradesh","st_code":"09","year":"2011_c"}},
{"type":"Feature","geometry":{"type":"Polygon","coordinates":[[[84.5026,26.6027],[84.7274,26.7429],[84.758,27.0028],[84.6204,27.3396],[84.2794,27.3946],[84.0974,27.5169],[83.8619,27.3354],[83.9078,27.275],[84.0607,26.8873],[84.4185,26.6316],[84.5026,26.6027]]]},"properties":{"district":"West Champaran","dt_code":"203","st_nm":"Bihar","st_code":"10","year":"2011_c"}},
{"type":"Feature","geometry":{"type":"Polygon","coordinates":[[[83.1478,27.1141],[83.2915,27.3354],[83.189,27.4537],[82.7318,27.4867],[82.4933,27.3588],[82.4566,27.1512],[82.559,27.0825],[82.9046,27.0041],[83.1202,27.1004],[83.1478,27.1141]]]},"properties":{"district":"Siddharthnagar","dt_code":"184","st_nm":"Uttar Pradesh","st_code":"09","year":"2011_c"}},
{"type":"Feature","geometry":{"type":"Polygon","coordinates":[[[78.7177,27.3437],[78.8095,26.9574],[79.3248,26.9601],[79.3936,27.1966],[79.2544,27.3286],[78.9379,27.4317],[78.7177,27.3437]]]},"properties":{"district":"Mainpuri","dt_code":"148","st_nm":"Uttar Pradesh","st_code":"09","year":"2011_c"}},
{"type":"Feature","geometry":{"type":"Polygon","coordinates":[[[83.8619,27.3354],[83.3955,27.4798],[83.2915,27.3354],[83.1478,27.1141],[83.3894,27.0825],[83.5453,26.8887],[83.7243,26.9519],[83.9078,27.275],[83.8619,27.3354]]]},"properties":{"district":"Maharajganj","dt_code":"187","st_nm":"Uttar Pradesh","st_code":"09","year":"2011_c"}},
{"type":"Feature","geometry":{"type":"Polygon","coordinates":[[[77.6457,27.242],[77.661,26.9711],[77.4546,26.7429],[77.7604,26.9326],[78.2222,26.8323],[78.5449,26.7636],[78.7804,26.769],[78.7391,26.9203],[78.6718,26.8804],[78.1947,27.1911],[78.2895,27.3863],[78.1978,27.4069],[77.9822,27.3258],[77.6457,27.242]]]},"properties":{"district":"Agra","dt_code":"146","st_nm":"Uttar Pradesh","st_code":"09","year":"2011_c"}},
{"type":"Feature","geometry":{"type":"Polygon","coordinates":[[[81.5146,27.0839],[81.7486,26.868],[81.9764,26.7814],[82.2287,26.8117],[82.3159,26.978],[82.559,27.0825],[82.4566,27.1512],[82.0743,27.4014],[81.981,27.4344],[81.5146,27.0839]]]},"properties":{"district":"Gonda","dt_code":"183","st_nm":"Uttar Pradesh","st_code":"09","year":"2011_c"}},
{"type":"Feature","geometry":{"type":"Polygon","coordinates":[[[81.4121,27.3341],[80.9304,27.1581],[81.2164,26.7072],[81.1613,26.5876],[81.3448,26.5436],[81.5589,26.6412],[81.7486,26.868],[81.5146,27.0839],[81.4121,27.3341]]]},"properties":{"district":"Barabanki","dt_code":"176","st_nm":"Uttar Pradesh","st_code":"09","year":"2011_c"}},
{"type":"Feature","geometry":{"type":"Polygon","coordinates":[[[88.0381,27.22],[87.9922,27.1086],[88.1864,26.7718],[88.11,26.5477],[88.24,26.4584],[88.3332,26.4968],[88.4005,26.6439],[88.4785,26.8804],[88.425,27.0715],[88.2812,27.132],[88.0381,27.22]]]},"properties":{"district":"Darjeeling","dt_code":"327","st_nm":"West Bengal","st_code":"19","year":"2011_c"}},
{"type":"Feature","geometry":{"type":"Polygon","coordinates":[[[76.2802,27.0646],[76.1441,26.6948],[76.1533,26.5216],[76.1747,26.4859],[76.4117,26.4157],[76.4744,26.7168],[76.901,26.9711],[77.0968,26.8625],[76.9561,27.143],[76.2802,27.0646]]]},"properties":{"district":"Dausa","dt_code":"109","st_nm":"Rajasthan","st_code":"08","year":"2011_c"}},
{"type":"Feature","geometry":{"type":"Polygon","coordinates":[[[83.9078,27.275],[83.7243,26.9519],[83.5453,26.8887],[83.6279,26.6618],[83.8405,26.7594],[84.0515,26.5518],[84.4185,26.6316],[84.0607,26.8873],[83.9078,27.275]]]},"properties":{"district":"Kushinagar","dt_code":"189","st_nm":"Uttar Pradesh","st_code":"09","year":"2011_c"}},
{"type":"Feature","geometry":{"type":"Polygon","coordinates":[[[79.7224,27.2213],[79.3936,27.1966],[79.3248,26.9601],[79.3462,26.9299],[79.756,26.7938],[79.8967,26.8172],[80.0129,26.956],[79.9288,27.143],[79.7224,27.2213]]]},"properties":{"district":"Kannauj","dt_code":"160","st_nm":"Uttar Pradesh","st_code":"09","year":"2011_c"}},
{"type":"Feature","geometry":{"type":"Polygon","coordinates":[[[80.8265,27.1017],[80.5497,27.0138],[80.9993,26.5326],[81.1613,26.5876],[81.2164,26.7072],[80.9304,27.1581],[80.8265,27.1017]]]},"properties":{"district":"Lucknow","dt_code":"157","st_nm":"Uttar Pradesh","st_code":"09","year":"2011_c"}},
{"type":"Feature","geometry":{"type":"Polygon","coordinates":[[[88.4005,26.6439],[88.7599,26.3291],[88.9617,26.5381],[89.1192,26.5243],[89.0902,26.8405],[88.8685,26.9656],[88.4785,26.8804],[88.4005,26.6439]]]},"properties":{"district":"Jalpaiguri","dt_code":"328","st_nm":"West Bengal","st_code":"19","year":"2011_c"}},
{"type":"Feature","geometry":{"type":"Polygon","coordinates":[[[82.559,27.0825],[82.3159,26.978],[82.2287,26.8117],[82.4734,26.6522],[82.819,26.5683],[82.9046,27.0041],[82.559,27.0825]]]},"properties":{"district":"Basti","dt_code":"185","st_nm":"Uttar Pradesh","st_code":"09","year":"2011_c"}},
{"type":"Feature","geometry":{"type":"Polygon","coordinates":[[[83.1202,27.1004],[83.1554,26.5395],[83.0713,26.4102],[83.1325,26.3855],[83.4674,26.2755],[83.6295,26.2191],[83.5056,26.4171],[83.6279,26.6618],[83.5453,26.8887],[83.3894,27.0825],[83.1478,27.1141],[83.1202,27.1004]]]},"properties":{"district":"Gorakhpur","dt_code":"188","st_nm":"Uttar Pradesh","st_code":"09","year":"2011_c"}},
{"type":"Feature","geometry":{"type":"Polygon","coordinates":[[[82.9046,27.0041],[82.819,26.5683],[83.0713,26.4102],[83.1554,26.5395],[83.1202,27.1004],[82.9046,27.0041]]]},"properties":{"district":"Sant Kabir Nagar","dt_code":"186","st_nm":"Uttar Pradesh","st_code":"09","year":"2011_c"}},
{"type":"Feature","geometry":{"type":"Polygon","coordinates":[[[77.0968,26.8625],[76.901,26.9711],[76.4744,26.7168],[76.7573,26.5683],[76.6013,26.336],[76.8521,26.0322],[77.1197,26.2136],[77.3751,26.3649],[77.2283,26.5298],[77.3476,26.7113],[77.0968,26.8625]]]},"properties":{"district":"Karauli","dt_code":"107","st_nm":"Rajasthan","st_code":"08","year":"2011_c"}},
{"type":"Feature","geometry":{"type":"Polygon","coordinates":[[[84.5026,26.6027],[84.865,26.2604],[85.2902,26.3539],[85.2657,26.6467],[85.255,26.7539],[85.1923,26.8694],[84.758,27.0028],[84.7274,26.7429],[84.5026,26.6027]]]},"properties":{"district":"East Champaran","dt_code":"204","st_nm":"Bihar","st_code":"10","year":"2011_c"}},
{"type":"Feature","geometry":{"type":"Polygon","coordinates":[[[80.0435,26.9244],[80.591,26.2315],[80.6735,26.1229],[81.0497,26.3759],[80.9993,26.5326],[80.5497,27.0138],[80.3081,27.0261],[80.0435,26.9244]]]},"properties":{"district":"Unnao","dt_code":"156","st_nm":"Uttar Pradesh","st_code":"09","year":"2011_c"}},
{"type":"Feature","geometry":{"type":"Polygon","coordinates":[[[78.7391,26.9203],[78.7804,26.769],[79.0067,26.6714],[79.1352,26.4405],[79.2147,26.4364],[79.3462,26.9299],[79.3248,26.9601],[78.8095,26.9574],[78.7391,26.9203]]]},"properties":{"district":"Etawah","dt_code":"161","st_nm":"Uttar Pradesh","st_code":"09","year":"2011_c"}},
{"type":"Feature","geometry":{"type":"Polygon","coordinates":[[[77.3476,26.7113],[77.2283,26.5298],[77.3751,26.3649],[78.2222,26.8323],[77.7604,26.9326],[77.4546,26.7429],[77.3476,26.7113]]]},"properties":{"district":"Dholpur","dt_code":"106","st_nm":"Rajasthan","st_code":"08","year":"2011_c"}},
{"type":"Feature","geometry":{"type":"Polygon","coordinates":[[[80.0129,26.956],[79.8967,26.8172],[80.1337,26.5711],[80.1765,26.3443],[79.9625,26.149],[80.2362,25.9263],[80.3249,26.1147],[80.591,26.2315],[80.0435,26.9244],[80.0129,26.956]]]},"properties":{"district":"Kanpur Nagar","dt_code":"164","st_nm":"Uttar Pradesh","st_code":"09","year":"2011_c"}},
{"type":"Feature","geometry":{"type":"Polygon","coordinates":[[[79.3462,26.9299],[79.2147,26.4364],[79.5068,26.3649],[79.756,26.7938],[79.3462,26.9299]]]},"properties":{"district":"Auraiya","dt_code":"162","st_nm":"Uttar Pradesh","st_code":"09","year":"2011_c"}},
{"type":"Feature","geometry":{"type":"Polygon","coordinates":[[[78.2222,26.8323],[77.3751,26.3649],[77.1197,26.2136],[77.4255,26.1229],[77.6427,25.8988],[77.6962,25.9016],[77.8155,26.2549],[78.2574,26.3291],[78.2161,26.5298],[78.5449,26.7636],[78.2222,26.8323]]]},"properties":{"district":"Morena","dt_code":"419","st_nm":"Madhya Pradesh","st_code":"23","year":"2011_c"}},
{"type":"Feature","geometry":{"type":"Polygon","coordinates":[[[70.1405,26.1559],[70.0992,25.9387],[70.2689,25.7132],[70.6742,25.6761],[70.665,25.397],[70.8883,25.1482],[71.1115,24.6753],[71.188,24.6506],[71.3394,24.9393],[71.7905,25.0781],[72.0321,25.474],[72.3211,25.3888],[72.6759,25.6129],[72.7783,25.804],[72.8349,25.8645],[72.6208,25.9744],[72.6896,26.1862],[72.4587,26.3003],[72.2676,26.1972],[72.0642,26.3511],[71.8929,26.2975],[71.5733,26.5065],[71.2124,26.4432],[70.9403,26.0789],[70.6543,26.1958],[70.1405,26.1559]]]},"properties":{"district":"Barmer","dt_code":"115","st_nm":"Rajasthan","st_code":"08","year":"2011_c"}},
{"type":"Feature","geometry":{"type":"Polygon","coordinates":[[[81.7486,26.868],[81.5589,26.6412],[81.9397,26.5078],[82.2226,26.4102],[82.4734,26.6522],[82.2287,26.8117],[81.9764,26.7814],[81.7486,26.868]]]},"properties":{"district":"Ayodhya","dt_code":"177","st_nm":"Uttar Pradesh","st_code":"09","year":"2011_c"}},
{"type":"Feature","geometry":{"type":"Polygon","coordinates":[[[79.756,26.7938],[79.5068,26.3649],[79.9166,26.0899],[79.9625,26.149],[80.1765,26.3443],[80.1337,26.5711],[79.8967,26.8172],[79.756,26.7938]]]},"properties":{"district":"Kanpur Dehat","dt_code":"163","st_nm":"Uttar Pradesh","st_code":"09","year":"2011_c"}},
{"type":"Feature","geometry":{"type":"Polygon","coordinates":[[[78.5449,26.7636],[78.2161,26.5298],[78.2574,26.3291],[78.6275,26.1573],[78.8859,25.9126],[78.9379,25.9524],[79.1352,26.4405],[79.0067,26.6714],[78.7804,26.769],[78.5449,26.7636]]]},"properties":{"district":"Bhind","dt_code":"420","st_nm":"Madhya Pradesh","st_code":"23","year":"2011_c"}},
{"type":"Feature","geometry":{"type":"Polygon","coordinates":[[[76.1747,26.4859],[75.9942,26.116],[76.3123,25.8136],[76.3566,25.7407],[76.5463,25.8383],[76.8521,26.0322],[76.6013,26.336],[76.7573,26.5683],[76.4744,26.7168],[76.4117,26.4157],[76.1747,26.4859]]]},"properties":{"district":"Sawai Madhopur","dt_code":"108","st_nm":"Rajasthan","st_code":"08","year":"2011_c"}},
{"type":"Feature","geometry":{"type":"Polygon","coordinates":[[[83.6279,26.6618],[83.5056,26.4171],[83.6295,26.2191],[83.8588,26.1848],[84.0561,26.0995],[84.157,26.3759],[84.0515,26.5518],[83.8405,26.7594],[83.6279,26.6618]]]},"properties":{"district":"Deoria","dt_code":"190","st_nm":"Uttar Pradesh","st_code":"09","year":"2011_c"}},
{"type":"Feature","geometry":{"type":"Polygon","coordinates":[[[85.2657,26.6467],[85.3758,26.3374],[85.7046,26.303],[85.7673,26.4364],[85.8162,26.6],[85.729,26.8089],[85.255,26.7539],[85.2657,26.6467]]]},"properties":{"district":"Sitamarhi","dt_code":"206","st_nm":"Bihar","st_code":"10","year":"2011_c"}},
{"type":"Feature","geometry":{"type":"Polygon","coordinates":[[[75.1669,26.4639],[75.1119,26.2879],[75.3168,25.7669],[75.459,25.7229],[75.8627,25.8755],[76.3123,25.8136],[75.9942,26.116],[76.1747,26.4859],[76.1533,26.5216],[75.7083,26.446],[75.1669,26.4639]]]},"properties":{"district":"Tonk","dt_code":"120","st_nm":"Rajasthan","st_code":"08","year":"2011_c"}},
{"type":"Feature","geometry":{"type":"Polygon","coordinates":[[[85.2902,26.3539],[85.3758,26.3374],[85.2657,26.6467],[85.2902,26.3539]]]},"properties":{"district":"Sheohar","dt_code":"205","st_nm":"Bihar","st_code":"10","year":"2011_c"}},
{"type":"Feature","geometry":{"type":"Polygon","coordinates":[[[81.9397,26.5078],[81.8525,26.2838],[82.0483,26.0583],[82.4336,26.0061],[82.6783,26.1518],[82.6783,26.2563],[82.2226,26.4102],[81.9397,26.5078]]]},"properties":{"district":"Sultanpur","dt_code":"179","st_nm":"Uttar Pradesh","st_code":"09","year":"2011_c"}},
{"type":"Feature","geometry":{"type":"Polygon","coordinates":[[[72.8349,25.8645],[72.7783,25.804],[73.0918,25.4672],[72.9358,25.2417],[73.1086,25.0396],[73.1469,24.7482],[73.4879,25.1042],[73.7417,25.3929],[73.9084,25.6844],[74.0537,25.8301],[74.1072,25.8562],[74.3672,26.1917],[74.2907,26.4487],[73.8702,26.4295],[73.8105,26.1105],[73.627,26.1449],[73.1927,26.0693],[72.8349,25.8645]]]},"properties":{"district":"Pali","dt_code":"118","st_nm":"Rajasthan","st_code":"08","year":"2011_c"}},
{"type":"Feature","geometry":{"type":"Polygon","coordinates":[[[84.4185,26.6316],[84.0515,26.5518],[84.157,26.3759],[84.654,26.2989],[84.7656,26.2095],[84.8972,26.215],[84.865,26.2604],[84.5026,26.6027],[84.4185,26.6316]]]},"properties":{"district":"Gopalganj","dt_code":"217","st_nm":"Bihar","st_code":"10","year":"2011_c"}},
{"type":"Feature","geometry":{"type":"Polygon","coordinates":[[[82.4734,26.6522],[82.2226,26.4102],[82.6783,26.2563],[82.9352,26.4102],[83.1325,26.3855],[83.0713,26.4102],[82.819,26.5683],[82.4734,26.6522]]]},"properties":{"district":"Ambedkar Nagar","dt_code":"178","st_nm":"Uttar Pradesh","st_code":"09","year":"2011_c"}},
{"type":"Feature","geometry":{"type":"Polygon","coordinates":[[[81.1613,26.5876],[80.9993,26.5326],[81.0497,26.3759],[80.6735,26.1229],[81.0145,26.0748],[81.3387,25.8108],[81.4458,25.9346],[81.3066,26.0184],[81.4075,26.3154],[81.3448,26.5436],[81.1613,26.5876]]]},"properties":{"district":"Rae Bareli","dt_code":"158","st_nm":"Uttar Pradesh","st_code":"09","year":"2011_c"}},
{"type":"Feature","geometry":{"type":"Polygon","coordinates":[[[79.1352,26.4405],[78.9379,25.9524],[79.2116,25.7888],[79.3982,25.7888],[79.7851,25.8631],[79.9166,26.0899],[79.5068,26.3649],[79.2147,26.4364],[79.1352,26.4405]]]},"properties":{"district":"Jalaun","dt_code":"165","st_nm":"Uttar Pradesh","st_code":"09","year":"2011_c"}},
{"type":"Feature","geometry":{"type":"Polygon","coordinates":[[[83.1325,26.3855],[82.9352,26.4102],[82.6783,26.2563],[82.6783,26.1518],[82.8251,25.7696],[83.0667,25.6527],[83.3481,25.8191],[83.319,26.0487],[83.4674,26.2755],[83.1325,26.3855]]]},"properties":{"district":"Azamgarh","dt_code":"191","st_nm":"Uttar Pradesh","st_code":"09","year":"2011_c"}},
{"type":"Feature","geometry":{"type":"Polygon","coordinates":[[[77.6962,25.9016],[78.054,25.7091],[78.2956,25.7861],[78.5847,26.0061],[78.6275,26.1573],[78.2574,26.3291],[77.8155,26.2549],[77.6962,25.9016]]]},"properties":{"district":"Gwalior","dt_code":"421","st_nm":"Madhya Pradesh","st_code":"23","year":"2011_c"}},
{"type":"Feature","geometry":{"type":"Polygon","coordinates":[[[76.8521,26.0322],[76.5463,25.8383],[76.5937,25.408],[76.9454,25.2843],[77.083,25.3366],[77.2772,25.7201],[77.6427,25.8988],[77.4255,26.1229],[77.1197,26.2136],[76.8521,26.0322]]]},"properties":{"district":"Sheopur","dt_code":"418","st_nm":"Madhya Pradesh","st_code":"23","year":"2011_c"}},
{"type":"Feature","geometry":{"type":"Polygon","coordinates":[[[83.4674,26.2755],[83.319,26.0487],[83.3481,25.8191],[83.7212,25.8562],[83.8588,26.1848],[83.6295,26.2191],[83.4674,26.2755]]]},"properties":{"district":"Mau","dt_code":"192","st_nm":"Uttar Pradesh","st_code":"09","year":"2011_c"}},
{"type":"Feature","geometry":{"type":"Polygon","coordinates":[[[80.591,26.2315],[80.3249,26.1147],[80.2362,25.9263],[80.3463,25.8988],[80.5726,25.7174],[80.932,25.6926],[81.0191,25.5469],[81.1935,25.4479],[81.3387,25.8108],[81.0145,26.0748],[80.6735,26.1229],[80.591,26.2315]]]},"properties":{"district":"Fatehpur","dt_code":"172","st_nm":"Uttar Pradesh","st_code":"09","year":"2011_c"}},
{"type":"Feature","geometry":{"type":"Polygon","coordinates":[[[83.8588,26.1848],[83.7212,25.8562],[83.9536,25.749],[83.9307,25.5579],[84.3191,25.6679],[84.6005,25.7325],[84.472,25.8823],[84.0561,26.0995],[83.8588,26.1848]]]},"properties":{"district":"Ballia","dt_code":"193","st_nm":"Uttar Pradesh","st_code":"09","year":"2011_c"}},
{"type":"Feature","geometry":{"type":"Polygon","coordinates":[[[82.4336,26.0061],[82.1507,25.6734],[82.3296,25.5331],[82.6936,25.3943],[82.7395,25.5469],[83.0713,25.5483],[83.0667,25.6527],[82.8251,25.7696],[82.6783,26.1518],[82.4336,26.0061]]]},"properties":{"district":"Jaunpur","dt_code":"194","st_nm":"Uttar Pradesh","st_code":"09","year":"2011_c"}},
{"type":"Feature","geometry":{"type":"Polygon","coordinates":[[[75.3168,25.7669],[74.3886,25.9634],[74.2846,25.8837],[74.1821,25.848],[74.0216,25.3476],[74.2632,25.0657],[74.387,25.1812],[74.7953,25.1523],[75.1914,25.0369],[75.352,25.019],[75.4514,25.0492],[75.4452,25.2637],[75.2847,25.4025],[75.459,25.7229],[75.3168,25.7669]]]},"properties":{"district":"Bhilwara","dt_code":"122","st_nm":"Rajasthan","st_code":"08","year":"2011_c"}},
{"type":"Feature","geometry":{"type":"Polygon","coordinates":[[[86.3912,25.7187],[85.7122,26.0885],[85.6449,25.9167],[85.5272,25.5386],[85.7351,25.5249],[86.0838,25.7449],[86.2933,25.6376],[86.3912,25.7187]]]},"properties":{"district":"Samastipur","dt_code":"221","st_nm":"Bihar","st_code":"10","year":"2011_c"}},
{"type":"Feature","geometry":{"type":"Polygon","coordinates":[[[71.188,24.6506],[71.2874,24.6162],[71.3776,24.6258],[71.4785,24.6794],[71.6085,24.6767],[71.6559,24.6396],[71.792,24.6767],[71.9189,24.6725],[72.0581,24.7124],[72.3349,24.6327],[72.3731,24.766],[72.9358,25.2417],[73.0918,25.4672],[72.7783,25.804],[72.6759,25.6129],[72.3211,25.3888],[72.0321,25.474],[71.7905,25.0781],[71.3394,24.9393],[71.188,24.6506]]]},"properties":{"district":"Jalore","dt_code":"116","st_nm":"Rajasthan","st_code":"08","year":"2011_c"}},
{"type":"Feature","geometry":{"type":"Polygon","coordinates":[[[76.3123,25.8136],[75.8627,25.8755],[75.459,25.7229],[75.2847,25.4025],[75.4452,25.2637],[75.4514,25.0492],[75.537,25.0149],[75.7236,25.1757],[76.1563,25.3599],[76.3566,25.7407],[76.3123,25.8136]]]},"properties":{"district":"Bundi","dt_code":"121","st_nm":"Rajasthan","st_code":"08","year":"2011_c"}},
{"type":"Feature","geometry":{"type":"Polygon","coordinates":[[[88.0672,25.4837],[87.8271,25.8906],[87.6497,25.683],[87.2414,25.6967],[87.2169,25.4562],[87.5518,25.3311],[87.7109,25.2582],[87.7674,25.4163],[88.0672,25.4837]]]},"properties":{"district":"Katihar","dt_code":"212","st_nm":"Bihar","st_code":"10","year":"2011_c"}},
{"type":"Feature","geometry":{"type":"Polygon","coordinates":[[[78.8859,25.9126],[78.6581,25.5593],[78.4516,25.5716],[78.3905,25.206],[78.447,25.1221],[78.5587,25.2128],[78.7315,25.4575],[78.9608,25.3448],[78.8798,25.1578],[79.3233,25.1496],[79.2804,25.3242],[79.3936,25.5194],[79.3982,25.7888],[79.2116,25.7888],[78.9379,25.9524],[78.8859,25.9126]]]},"properties":{"district":"Jhansi","dt_code":"166","st_nm":"Uttar Pradesh","st_code":"09","year":"2011_c"}},
{"type":"Feature","geometry":{"type":"Polygon","coordinates":[[[77.6427,25.8988],[77.2772,25.7201],[77.083,25.3366],[77.3674,25.4108],[77.3124,25.0809],[77.5647,24.8719],[78.1901,24.8416],[78.3736,25.0987],[78.3905,25.206],[78.4516,25.5716],[78.2956,25.7861],[78.054,25.7091],[77.6962,25.9016],[77.6427,25.8988]]]},"properties":{"district":"Shivpuri","dt_code":"423","st_nm":"Madhya Pradesh","st_code":"23","year":"2011_c"}},
{"type":"Feature","geometry":{"type":"Polygon","coordinates":[[[76.3566,25.7407],[76.1563,25.3599],[75.7236,25.1757],[75.537,25.0149],[75.7847,24.7619],[75.9208,24.5433],[76.0646,24.7427],[76.4407,24.8306],[76.1961,25.1248],[76.323,25.3819],[76.5937,25.408],[76.5463,25.8383],[76.3566,25.7407]]]},"properties":{"district":"Kota","dt_code":"127","st_nm":"Rajasthan","st_code":"08","year":"2011_c"}},
{"type":"Feature","geometry":{"type":"Polygon","coordinates":[[[80.3463,25.8988],[80.2148,25.5153],[80.1047,25.3503],[80.4304,25.1743],[80.2637,25.0245],[80.4778,24.9764],[80.7148,25.0657],[80.6919,25.2692],[81.0191,25.5469],[80.932,25.6926],[80.5726,25.7174],[80.3463,25.8988]]]},"properties":{"district":"Banda","dt_code":"170","st_nm":"Uttar Pradesh","st_code":"09","year":"2011_c"}},
{"type":"Feature","geometry":{"type":"Polygon","coordinates":[[[83.0667,25.6527],[83.0713,25.5483],[83.1738,25.5263],[83.4047,25.4933],[83.5377,25.3091],[83.7793,25.3984],[83.9307,25.5579],[83.9536,25.749],[83.7212,25.8562],[83.3481,25.8191],[83.0667,25.6527]]]},"properties":{"district":"Ghazipur","dt_code":"195","st_nm":"Uttar Pradesh","st_code":"09","year":"2011_c"}},
{"type":"Feature","geometry":{"type":"Polygon","coordinates":[[[81.1935,25.4479],[81.5498,25.2926],[81.6109,25.5978],[81.3387,25.8108],[81.1935,25.4479]]]},"properties":{"district":"Kaushambi","dt_code":"174","st_nm":"Uttar Pradesh","st_code":"09","year":"2011_c"}},
{"type":"Feature","geometry":{"type":"Polygon","coordinates":[[[86.2933,25.6376],[86.5104,25.4232],[86.7261,25.2541],[86.8224,25.4452],[86.7979,25.6349],[86.4936,25.6198],[86.4126,25.7297],[86.3912,25.7187],[86.2933,25.6376]]]},"properties":{"district":"Khagaria","dt_code":"223","st_nm":"Bihar","st_code":"10","year":"2011_c"}},
{"type":"Feature","geometry":{"type":"Polygon","coordinates":[[[84.3191,25.6679],[84.2748,25.3586],[84.4629,25.1606],[84.7075,25.3091],[84.8482,25.6995],[84.6005,25.7325],[84.3191,25.6679]]]},"properties":{"district":"Bhojpur","dt_code":"231","st_nm":"Bihar","st_code":"10","year":"2011_c"}},
{"type":"Feature","geometry":{"type":"Polygon","coordinates":[[[82.1507,25.6734],[82.0223,25.7435],[81.6109,25.5978],[81.5498,25.2926],[81.5406,25.1881],[82.0941,24.8169],[82.3251,25.0712],[82.2685,25.1826],[82.3296,25.5331],[82.1507,25.6734]]]},"properties":{"district":"Prayagraj","dt_code":"175","st_nm":"Uttar Pradesh","st_code":"09","year":"2011_c"}},
{"type":"Feature","geometry":{"type":"Polygon","coordinates":[[[83.9307,25.5579],[83.7793,25.3984],[83.8971,25.2898],[84.2748,25.3586],[84.3191,25.6679],[83.9307,25.5579]]]},"properties":{"district":"Buxar","dt_code":"232","st_nm":"Bihar","st_code":"10","year":"2011_c"}},
{"type":"Feature","geometry":{"type":"Polygon","coordinates":[[[88.4464,25.595],[88.1666,25.4259],[88.269,25.3036],[88.4357,25.2005],[88.9097,25.1798],[88.8119,25.5235],[88.4464,25.595]]]},"properties":{"district":"Dakshin Dinajpur","dt_code":"331","st_nm":"West Bengal","st_code":"19","year":"2011_c"}},
{"type":"Feature","geometry":{"type":"Polygon","coordinates":[[[87.7109,25.2582],[87.954,24.9736],[87.8913,24.8554],[88.0274,24.6904],[88.3944,24.9695],[88.4357,25.2005],[88.269,25.3036],[88.0672,25.4837],[87.7674,25.4163],[87.7109,25.2582]]]},"properties":{"district":"Malda","dt_code":"332","st_nm":"West Bengal","st_code":"19","year":"2011_c"}},
{"type":"Feature","geometry":{"type":"Polygon","coordinates":[[[78.8798,25.1578],[78.6397,25.0712],[78.9853,24.4416],[79.0908,24.6327],[79.3034,24.6877],[79.3233,25.1496],[78.8798,25.1578]]]},"properties":{"district":"Tikamgarh","dt_code":"424","st_nm":"Madhya Pradesh","st_code":"23","year":"2011_c"}},
{"type":"Feature","geometry":{"type":"Polygon","coordinates":[[[82.6936,25.3943],[82.6676,25.2554],[83.03,25.2431],[83.1738,25.5263],[83.0713,25.5483],[82.7395,25.5469],[82.6936,25.3943]]]},"properties":{"district":"Varanasi","dt_code":"197","st_nm":"Uttar Pradesh","st_code":"09","year":"2011_c"}},
{"type":"Feature","geometry":{"type":"Polygon","coordinates":[[[85.7046,26.303],[85.7122,26.0885],[86.3912,25.7187],[86.4126,25.7297],[86.3881,26.0336],[86.33,26.1559],[85.7673,26.4364],[85.7046,26.303]]]},"properties":{"district":"Darbhanga","dt_code":"215","st_nm":"Bihar","st_code":"10","year":"2011_c"}},
{"type":"Feature","geometry":{"type":"Polygon","coordinates":[[[86.7979,25.6349],[86.8438,25.8713],[86.645,26.0184],[86.437,26.072],[86.3881,26.0336],[86.4126,25.7297],[86.4936,25.6198],[86.7979,25.6349]]]},"properties":{"district":"Saharsa","dt_code":"214","st_nm":"Bihar","st_code":"10","year":"2011_c"}},
{"type":"Feature","geometry":{"type":"Polygon","coordinates":[[[72.9358,25.2417],[72.3731,24.766],[72.3349,24.6327],[72.3532,24.5639],[72.5,24.4168],[72.5199,24.5007],[72.6835,24.4636],[72.7279,24.3674],[72.9588,24.3605],[73.0016,24.4801],[73.1469,24.7482],[73.1086,25.0396],[72.9358,25.2417]]]},"properties":{"district":"Sirohi","dt_code":"117","st_nm":"Rajasthan","st_code":"08","year":"2011_c"}},
{"type":"Feature","geometry":{"type":"Polygon","coordinates":[[[81.0191,25.5469],[80.6919,25.2692],[80.7148,25.0657],[81.1201,24.9035],[81.5406,25.1881],[81.5498,25.2926],[81.1935,25.4479],[81.0191,25.5469]]]},"properties":{"district":"Chitrakoot","dt_code":"171","st_nm":"Uttar Pradesh","st_code":"09","year":"2011_c"}},
{"type":"Feature","geometry":{"type":"Polygon","coordinates":[[[83.1738,25.5263],[83.03,25.2431],[83.0606,24.9571],[83.186,24.7193],[83.3955,24.7812],[83.3496,25.184],[83.5377,25.3091],[83.4047,25.4933],[83.1738,25.5263]]]},"properties":{"district":"Chandauli","dt_code":"196","st_nm":"Uttar Pradesh","st_code":"09","year":"2011_c"}},
{"type":"Feature","geometry":{"type":"Polygon","coordinates":[[[82.3296,25.5331],[82.2685,25.1826],[82.6676,25.2554],[82.6936,25.3943],[82.3296,25.5331]]]},"properties":{"district":"Bhadohi","dt_code":"198","st_nm":"Uttar Pradesh","st_code":"09","year":"2011_c"}},
{"type":"Feature","geometry":{"type":"Polygon","coordinates":[[[76.5937,25.408],[76.323,25.3819],[76.1961,25.1248],[76.4407,24.8306],[76.6074,24.4237],[76.8444,24.4361],[77.0692,24.5571],[76.8766,25.041],[77.3124,25.0809],[77.3674,25.4108],[77.083,25.3366],[76.9454,25.2843],[76.5937,25.408]]]},"properties":{"district":"Baran","dt_code":"128","st_nm":"Rajasthan","st_code":"08","year":"2011_c"}},
{"type":"Feature","geometry":{"type":"Polygon","coordinates":[[[87.5518,25.3311],[87.4784,25.195],[87.509,24.799],[87.8393,24.7454],[87.8913,24.8554],[87.954,24.9736],[87.7109,25.2582],[87.5518,25.3311]]]},"properties":{"district":"Sahibganj","dt_code":"352","st_nm":"Jharkhand","st_code":"20","year":"2011_c"}},
{"type":"Feature","geometry":{"type":"Polygon","coordinates":[[[83.5377,25.3091],[83.3496,25.184],[83.3955,24.7812],[83.5239,24.5502],[83.6967,24.5406],[83.8971,25.2898],[83.7793,25.3984],[83.5377,25.3091]]]},"properties":{"district":"Kaimur","dt_code":"233","st_nm":"Bihar","st_code":"10","year":"2011_c"}},
{"type":"Feature","geometry":{"type":"Polygon","coordinates":[[[84.2748,25.3586],[83.8971,25.2898],[83.6967,24.5406],[83.5239,24.5502],[83.5025,24.5255],[83.8726,24.5323],[84.0087,24.6423],[84.4476,25.1276],[84.4629,25.1606],[84.2748,25.3586]]]},"properties":{"district":"Rohtas","dt_code":"234","st_nm":"Bihar","st_code":"10","year":"2011_c"}},
{"type":"Feature","geometry":{"type":"Polygon","coordinates":[[[73.1469,24.7482],[73.0016,24.4801],[73.0674,24.1941],[73.4053,24.0415],[73.3778,23.9041],[73.3686,23.8147],[73.5827,23.9632],[74.2708,23.9494],[74.2219,24.0993],[74.4299,24.2574],[74.1424,24.8815],[73.994,24.9214],[73.6714,24.7702],[73.4879,25.1042],[73.1469,24.7482]]]},"properties":{"district":"Udaipur","dt_code":"130","st_nm":"Rajasthan","st_code":"08","year":"2011_c"}},
{"type":"Feature","geometry":{"type":"Polygon","coordinates":[[[87.4784,25.195],[87.1756,25.0575],[87.0518,24.6272],[87.4203,24.5145],[87.509,24.799],[87.4784,25.195]]]},"properties":{"district":"Godda","dt_code":"351","st_nm":"Jharkhand","st_code":"20","year":"2011_c"}},
{"type":"Feature","geometry":{"type":"Polygon","coordinates":[[[82.0941,24.8169],[82.2975,24.6066],[82.5239,24.6767],[83.0606,24.9571],[83.03,25.2431],[82.6676,25.2554],[82.2685,25.1826],[82.3251,25.0712],[82.0941,24.8169]]]},"properties":{"district":"Mirzapur","dt_code":"199","st_nm":"Uttar Pradesh","st_code":"09","year":"2011_c"}},
{"type":"Feature","geometry":{"type":"Polygon","coordinates":[[[78.447,25.1221],[78.3736,25.0987],[78.1901,24.8416],[78.2681,24.4498],[78.5862,24.3536],[78.8064,24.179],[78.9914,24.4168],[78.9853,24.4416],[78.6397,25.0712],[78.5587,25.2128],[78.447,25.1221]]]},"properties":{"district":"Lalitpur","dt_code":"167","st_nm":"Uttar Pradesh","st_code":"09","year":"2011_c"}},
{"type":"Feature","geometry":{"type":"Polygon","coordinates":[[[86.5043,24.9832],[86.3713,25.1441],[86.119,24.9736],[85.9752,24.997],[85.8345,24.9874],[86.0547,24.7798],[86.1327,24.6038],[86.4523,24.3729],[86.6114,24.6079],[86.5043,24.9832]]]},"properties":{"district":"Jamui","dt_code":"238","st_nm":"Bihar","st_code":"10","year":"2011_c"}},
{"type":"Feature","geometry":{"type":"Polygon","coordinates":[[[75.1914,25.0369],[74.9926,24.6932],[74.6975,24.4828],[74.9085,24.212],[75.0247,24.3701],[75.3657,24.3151],[75.5905,24.52],[75.5492,24.7028],[75.1838,24.7482],[75.352,25.019],[75.1914,25.0369]]]},"properties":{"district":"Neemuch","dt_code":"432","st_nm":"Madhya Pradesh","st_code":"23","year":"2011_c"}},
{"type":"Feature","geometry":{"type":"Polygon","coordinates":[[[87.1756,25.0575],[86.6924,25.1152],[86.5043,24.9832],[86.6114,24.6079],[86.9126,24.5474],[87.0518,24.6272],[87.1756,25.0575]]]},"properties":{"district":"Banka","dt_code":"225","st_nm":"Bihar","st_code":"10","year":"2011_c"}},
{"type":"Feature","geometry":{"type":"Polygon","coordinates":[[[81.5406,25.1881],[81.1201,24.9035],[81.1568,24.498],[81.3051,24.322],[81.7914,24.5296],[82.3036,24.5942],[82.2975,24.6066],[82.0941,24.8169],[81.5406,25.1881]]]},"properties":{"district":"Rewa","dt_code":"430","st_nm":"Madhya Pradesh","st_code":"23","year":"2011_c"}},
{"type":"Feature","geometry":{"type":"Polygon","coordinates":[[[80.4778,24.9764],[80.6032,24.8306],[80.461,24.4375],[80.6322,24.1749],[80.3585,23.9687],[80.7378,24.1309],[80.958,24.0649],[81.0023,24.0814],[81.3892,24.2656],[81.3051,24.322],[81.1568,24.498],[81.1201,24.9035],[80.7148,25.0657],[80.4778,24.9764]]]},"properties":{"district":"Satna","dt_code":"429","st_nm":"Madhya Pradesh","st_code":"23","year":"2011_c"}},
{"type":"Feature","geometry":{"type":"Polygon","coordinates":[[[77.3124,25.0809],[76.8766,25.041],[77.0692,24.5571],[76.8444,24.4361],[76.8811,24.1309],[77.1824,24.0787],[77.2267,23.8903],[77.3185,23.8903],[77.346,24.1818],[77.6519,24.3137],[77.4974,24.4732],[77.5647,24.8719],[77.3124,25.0809]]]},"properties":{"district":"Guna","dt_code":"458","st_nm":"Madhya Pradesh","st_code":"23","year":"2011_c"}},
{"type":"Feature","geometry":{"type":"Polygon","coordinates":[[[85.8345,24.9874],[85.6342,25.0973],[85.388,24.9626],[85.2764,24.7798],[85.3743,24.5543],[85.677,24.5914],[85.9018,24.766],[86.0547,24.7798],[85.8345,24.9874]]]},"properties":{"district":"Nawada","dt_code":"237","st_nm":"Bihar","st_code":"10","year":"2011_c"}},
{"type":"Feature","geometry":{"type":"Polygon","coordinates":[[[85.388,24.9626],[85.2015,25.0589],[84.8559,25.0616],[84.7335,25.0547],[84.7351,24.7647],[84.547,24.5268],[84.3268,24.4897],[84.4965,24.2876],[84.8023,24.5309],[85.0883,24.3701],[85.3314,24.5103],[85.3743,24.5543],[85.2764,24.7798],[85.388,24.9626]]]},"properties":{"district":"Gaya","dt_code":"236","st_nm":"Bihar","st_code":"10","year":"2011_c"}},
{"type":"Feature","geometry":{"type":"Polygon","coordinates":[[[77.5647,24.8719],[77.4974,24.4732],[77.6519,24.3137],[78.0831,24.2587],[78.2681,24.4498],[78.1901,24.8416],[77.5647,24.8719]]]},"properties":{"district":"Ashoknagar","dt_code":"459","st_nm":"Madhya Pradesh","st_code":"23","year":"2011_c"}},
{"type":"Feature","geometry":{"type":"Polygon","coordinates":[[[75.9208,24.5433],[75.7281,24.3962],[75.8367,24.0567],[75.4621,23.9178],[75.6899,23.7473],[75.9376,23.8972],[76.2129,24.2093],[76.3215,24.245],[76.8811,24.1309],[76.8444,24.4361],[76.6074,24.4237],[76.4407,24.8306],[76.0646,24.7427],[75.9208,24.5433]]]},"properties":{"district":"Jhalawar","dt_code":"129","st_nm":"Rajasthan","st_code":"08","year":"2011_c"}},
{"type":"Feature","geometry":{"type":"Polygon","coordinates":[[[87.8913,24.8554],[87.8393,24.7454],[87.8898,24.5653],[88.0167,24.311],[87.8439,23.9096],[87.9662,23.8092],[88.1773,23.7611],[88.4082,23.8202],[88.7002,24.0965],[88.7415,24.2546],[88.1329,24.5103],[88.0274,24.6904],[87.8913,24.8554]]]},"properties":{"district":"Murshidabad","dt_code":"333","st_nm":"West Bengal","st_code":"19","year":"2011_c"}},
{"type":"Feature","geometry":{"type":"Polygon","coordinates":[[[83.0606,24.9571],[82.5239,24.6767],[82.7976,24.5763],[82.7441,24.1653],[82.8129,23.9618],[82.9474,23.8711],[83.2074,23.9219],[83.3297,24.102],[83.5025,24.5255],[83.5239,24.5502],[83.3955,24.7812],[83.186,24.7193],[83.0606,24.9571]]]},"properties":{"district":"Sonbhadra","dt_code":"200","st_nm":"Uttar Pradesh","st_code":"09","year":"2011_c"}},
{"type":"Feature","geometry":{"type":"Polygon","coordinates":[[[87.509,24.799],[87.4203,24.5145],[87.5641,24.5241],[87.639,24.2546],[87.8898,24.5653],[87.8393,24.7454],[87.509,24.799]]]},"properties":{"district":"Pakur","dt_code":"353","st_nm":"Jharkhand","st_code":"20","year":"2011_c"}},
{"type":"Feature","geometry":{"type":"Polygon","coordinates":[[[75.7847,24.7619],[75.5492,24.7028],[75.5905,24.52],[75.3657,24.3151],[75.0247,24.3701],[74.9085,24.212],[74.9406,23.7652],[75.4621,23.9178],[75.8367,24.0567],[75.7281,24.3962],[75.9208,24.5433],[75.7847,24.7619]]]},"properties":{"district":"Mandsaur","dt_code":"433","st_nm":"Madhya Pradesh","st_code":"23","year":"2011_c"}},
{"type":"Feature","geometry":{"type":"Polygon","coordinates":[[[86.5104,25.4232],[86.2627,25.2802],[86.3713,25.1441],[86.5043,24.9832],[86.6924,25.1152],[86.7261,25.2541],[86.5104,25.4232]]]},"properties":{"district":"Munger","dt_code":"226","st_nm":"Bihar","st_code":"10","year":"2011_c"}},
{"type":"Feature","geometry":{"type":"Polygon","coordinates":[[[86.0547,24.7798],[85.9018,24.766],[85.8498,24.2739],[85.6816,24.1763],[85.9141,23.9494],[86.1098,23.8876],[86.4814,24.0223],[86.5701,24.1419],[86.4523,24.3729],[86.1327,24.6038],[86.0547,24.7798]]]},"properties":{"district":"Giridih","dt_code":"349","st_nm":"Jharkhand","st_code":"20","year":"2011_c"}},
{"type":"Feature","geometry":{"type":"Polygon","coordinates":[[[87.0518,24.6272],[86.9126,24.5474],[87.0457,24.223],[86.9738,24.1089],[87.2337,24.025],[87.4402,23.9824],[87.639,24.2546],[87.5641,24.5241],[87.4203,24.5145],[87.0518,24.6272]]]},"properties":{"district":"Dumka","dt_code":"362","st_nm":"Jharkhand","st_code":"20","year":"2011_c"}},
{"type":"Feature","geometry":{"type":"Polygon","coordinates":[[[82.2975,24.6066],[82.3036,24.5942],[82.166,24.3577],[81.8785,24.1268],[82.2088,23.8532],[82.4979,23.7845],[82.6936,23.9192],[82.8129,23.9618],[82.7441,24.1653],[82.7976,24.5763],[82.5239,24.6767],[82.2975,24.6066]]]},"properties":{"district":"Singrauli","dt_code":"463","st_nm":"Madhya Pradesh","st_code":"23","year":"2011_c"}},
{"type":"Feature","geometry":{"type":"Polygon","coordinates":[[[87.8898,24.5653],[87.639,24.2546],[87.4402,23.9824],[87.2337,24.025],[87.0854,23.812],[87.5335,23.6085],[87.8454,23.5507],[87.9662,23.8092],[87.8439,23.9096],[88.0167,24.311],[87.8898,24.5653]]]},"properties":{"district":"Birbhum","dt_code":"334","st_nm":"West Bengal","st_code":"19","year":"2011_c"}},
{"type":"Feature","geometry":{"type":"Polygon","coordinates":[[[86.4523,24.3729],[86.5701,24.1419],[86.9738,24.1089],[87.0457,24.223],[86.9126,24.5474],[86.6114,24.6079],[86.4523,24.3729]]]},"properties":{"district":"Deoghar","dt_code":"350","st_nm":"Jharkhand","st_code":"20","year":"2011_c"}},
{"type":"Feature","geometry":{"type":"Polygon","coordinates":[[[83.8726,24.5323],[83.8175,24.289],[84.0194,23.8023],[84.1371,23.9041],[84.5791,23.9879],[84.4965,24.2876],[84.3268,24.4897],[84.0087,24.6423],[83.8726,24.5323]]]},"properties":{"district":"Palamu","dt_code":"358","st_nm":"Jharkhand","st_code":"20","year":"2011_c"}},
{"type":"Feature","geometry":{"type":"Polygon","coordinates":[[[81.3051,24.322],[81.3892,24.2656],[81.6033,23.8848],[82.2088,23.8532],[81.8785,24.1268],[82.166,24.3577],[82.3036,24.5942],[81.7914,24.5296],[81.3051,24.322]]]},"properties":{"district":"Sidhi","dt_code":"462","st_nm":"Madhya Pradesh","st_code":"23","year":"2011_c"}},
{"type":"Feature","geometry":{"type":"Polygon","coordinates":[[[84.4965,24.2876],[84.5791,23.9879],[84.9339,23.9412],[84.969,23.7157],[85.0531,23.7116],[85.2015,23.9563],[85.0883,24.3701],[84.8023,24.5309],[84.4965,24.2876]]]},"properties":{"district":"Chatra","dt_code":"347","st_nm":"Jharkhand","st_code":"20","year":"2011_c"}},
{"type":"Feature","geometry":{"type":"Polygon","coordinates":[[[83.5025,24.5255],[83.3297,24.102],[83.7059,23.8202],[83.7747,23.6099],[84.0163,23.6346],[84.0194,23.8023],[83.8175,24.289],[83.8726,24.5323],[83.5025,24.5255]]]},"properties":{"district":"Garhwa","dt_code":"346","st_nm":"Jharkhand","st_code":"20","year":"2011_c"}},
{"type":"Feature","geometry":{"type":"Polygon","coordinates":[[[78.2681,24.4498],[78.0831,24.2587],[78.2941,23.9096],[78.2926,23.6759],[78.499,23.5851],[78.8095,23.2359],[79.1902,23.2236],[79.181,23.4256],[79.3019,23.6772],[79.0939,23.9192],[79.1443,24.102],[79.233,24.3344],[78.9914,24.4168],[78.8064,24.179],[78.5862,24.3536],[78.2681,24.4498]]]},"properties":{"district":"Sagar","dt_code":"427","st_nm":"Madhya Pradesh","st_code":"23","year":"2011_c"}},
{"type":"Feature","geometry":{"type":"Polygon","coordinates":[[[71.3195,23.9838],[71.1008,23.9027],[71.0809,23.5989],[71.3761,23.6497],[71.5336,23.4793],[71.9694,23.526],[72.2905,23.6195],[72.3288,23.8807],[72.4863,23.9357],[72.37,23.9714],[72.3395,24.0374],[72.2263,24.0718],[72.2064,24.1144],[71.9618,23.9907],[71.8608,23.8463],[71.714,23.8697],[71.688,23.97],[71.396,23.9659],[71.3195,23.9838]]]},"properties":{"district":"Patan","dt_code":"470","st_nm":"Gujarat","st_code":"24","year":"2011_c"}},
{"type":"Feature","geometry":{"type":"Polygon","coordinates":[[[79.1902,23.2236],[79.3722,23.1658],[79.675,23.3377],[79.9288,23.5975],[79.8646,23.8284],[79.7667,24.0415],[79.7958,24.3742],[79.5664,24.4278],[79.3829,24.1955],[79.1443,24.102],[79.0939,23.9192],[79.3019,23.6772],[79.181,23.4256],[79.1902,23.2236]]]},"properties":{"district":"Damoh","dt_code":"428","st_nm":"Madhya Pradesh","st_code":"23","year":"2011_c"}},
{"type":"Feature","geometry":{"type":"Polygon","coordinates":[[[77.0494,23.4669],[76.6931,23.4861],[76.4346,23.6332],[76.1548,23.57],[76.1211,23.2442],[76.5417,23.1301],[76.8552,23.1081],[77.0494,23.4669]]]},"properties":{"district":"Shajapur","dt_code":"436","st_nm":"Madhya Pradesh","st_code":"23","year":"2011_c"}},
{"type":"Feature","geometry":{"type":"Polygon","coordinates":[[[77.3185,23.8903],[77.6473,23.713],[77.5173,23.5068],[78.0846,23.4504],[78.2926,23.6759],[78.2941,23.9096],[78.0831,24.2587],[77.6519,24.3137],[77.346,24.1818],[77.3185,23.8903]]]},"properties":{"district":"Vidisha","dt_code":"443","st_nm":"Madhya Pradesh","st_code":"23","year":"2011_c"}},
{"type":"Feature","geometry":{"type":"Polygon","coordinates":[[[72.4863,23.9357],[72.3288,23.8807],[72.2905,23.6195],[71.9694,23.526],[71.9893,23.4889],[72.3364,23.1067],[72.6239,23.5562],[72.7982,23.5013],[72.789,23.8326],[72.8181,23.9481],[72.867,24.025],[72.7829,24.102],[72.6529,24.0842],[72.6514,23.9934],[72.5841,23.9357],[72.4863,23.9357]]]},"properties":{"district":"Mehsana","dt_code":"471","st_nm":"Gujarat","st_code":"24","year":"2011_c"}},
{"type":"Feature","geometry":{"type":"Polygon","coordinates":[[[76.8811,24.1309],[76.3215,24.245],[76.2129,24.2093],[76.4346,23.6332],[76.6931,23.4861],[77.0494,23.4669],[77.1671,23.6731],[77.2267,23.8903],[77.1824,24.0787],[76.8811,24.1309]]]},"properties":{"district":"Rajgarh","dt_code":"442","st_nm":"Madhya Pradesh","st_code":"23","year":"2011_c"}},
{"type":"Feature","geometry":{"type":"Polygon","coordinates":[[[81.0023,24.0814],[81.2225,23.8546],[81.3525,23.3542],[81.2516,23.2126],[81.5176,23.082],[81.9137,23.3005],[81.9856,23.4146],[81.9168,23.5343],[81.6109,23.5123],[81.6966,23.7212],[81.6033,23.8848],[81.3892,24.2656],[81.0023,24.0814]]]},"properties":{"district":"Shahdol","dt_code":"460","st_nm":"Madhya Pradesh","st_code":"23","year":"2011_c"}},
{"type":"Feature","geometry":{"type":"Polygon","coordinates":[[[88.1773,23.7611],[88.3868,23.4971],[88.4143,23.2098],[88.4066,22.9431],[88.6115,22.9074],[88.7094,23.2318],[88.7629,23.4463],[88.5932,23.6167],[88.7002,24.0965],[88.4082,23.8202],[88.1773,23.7611]]]},"properties":{"district":"Nadia","dt_code":"336","st_nm":"West Bengal","st_code":"19","year":"2011_c"}},
{"type":"Feature","geometry":{"type":"Polygon","coordinates":[[[86.4814,24.0223],[86.801,23.8339],[87.0854,23.812],[87.2337,24.025],[86.9738,24.1089],[86.5701,24.1419],[86.4814,24.0223]]]},"properties":{"district":"Jamtara","dt_code":"363","st_nm":"Jharkhand","st_code":"20","year":"2011_c"}},
{"type":"Feature","geometry":{"type":"Polygon","coordinates":[[[73.3686,23.8147],[73.6561,23.6209],[73.627,23.449],[73.9589,23.3803],[74.147,23.7831],[74.3763,23.9041],[74.2708,23.9494],[73.5827,23.9632],[73.3686,23.8147]]]},"properties":{"district":"Dungarpur","dt_code":"124","st_nm":"Rajasthan","st_code":"08","year":"2011_c"}},
{"type":"Feature","geometry":{"type":"Polygon","coordinates":[[[80.3585,23.9687],[80.0527,23.992],[79.8646,23.8284],[79.9288,23.5975],[80.2362,23.5741],[80.2974,23.339],[80.5436,23.394],[80.6904,23.7322],[80.958,24.0649],[80.7378,24.1309],[80.3585,23.9687]]]},"properties":{"district":"Katni","dt_code":"450","st_nm":"Madhya Pradesh","st_code":"23","year":"2011_c"}},
{"type":"Feature","geometry":{"type":"Polygon","coordinates":[[[86.1098,23.8876],[86.2444,23.713],[86.486,23.636],[86.801,23.6992],[86.801,23.8339],[86.4814,24.0223],[86.1098,23.8876]]]},"properties":{"district":"Dhanbad","dt_code":"354","st_nm":"Jharkhand","st_code":"20","year":"2011_c"}},
{"type":"Feature","geometry":{"type":"Polygon","coordinates":[[[73.9589,23.3803],[73.9818,23.3377],[74.3198,23.06],[74.7342,23.2208],[74.5293,23.3212],[74.7724,23.5425],[74.5186,23.636],[74.3763,23.9041],[74.147,23.7831],[73.9589,23.3803]]]},"properties":{"district":"Banswara","dt_code":"125","st_nm":"Rajasthan","st_code":"08","year":"2011_c"}},
{"type":"Feature","geometry":{"type":"Polygon","coordinates":[[[80.958,24.0649],[80.6904,23.7322],[80.5436,23.394],[80.5757,23.3514],[80.7255,23.2607],[81.1262,23.2098],[81.2516,23.2126],[81.3525,23.3542],[81.2225,23.8546],[81.0023,24.0814],[80.958,24.0649]]]},"properties":{"district":"Umaria","dt_code":"431","st_nm":"Madhya Pradesh","st_code":"23","year":"2011_c"}},
{"type":"Feature","geometry":{"type":"Polygon","coordinates":[[[84.0194,23.8023],[84.0163,23.6346],[84.0744,23.3335],[84.1922,23.3253],[84.3879,23.6044],[84.6418,23.669],[84.8849,23.559],[84.969,23.7157],[84.9339,23.9412],[84.5791,23.9879],[84.1371,23.9041],[84.0194,23.8023]]]},"properties":{"district":"Latehar","dt_code":"359","st_nm":"Jharkhand","st_code":"20","year":"2011_c"}},
{"type":"Feature","geometry":{"type":"Polygon","coordinates":[[[75.4621,23.9178],[74.9406,23.7652],[74.7724,23.5425],[74.5293,23.3212],[74.7342,23.2208],[75.0064,23.1095],[75.2419,23.1356],[75.199,23.5356],[75.6899,23.7473],[75.4621,23.9178]]]},"properties":{"district":"Ratlam","dt_code":"434","st_nm":"Madhya Pradesh","st_code":"23","year":"2011_c"}},
{"type":"Feature","geometry":{"type":"Polygon","coordinates":[[[85.9141,23.9494],[85.6434,23.9549],[85.885,23.4834],[86.3101,23.4119],[86.486,23.636],[86.2444,23.713],[86.1098,23.8876],[85.9141,23.9494]]]},"properties":{"district":"Bokaro","dt_code":"355","st_nm":"Jharkhand","st_code":"20","year":"2011_c"}},
{"type":"Feature","geometry":{"type":"Polygon","coordinates":[[[85.6434,23.9549],[85.2305,23.6841],[85.859,23.4298],[85.885,23.4834],[85.6434,23.9549]]]},"properties":{"district":"Ramgarh","dt_code":"361","st_nm":"Jharkhand","st_code":"20","year":"2011_c"}},
{"type":"Feature","geometry":{"type":"Polygon","coordinates":[[[77.2267,23.8903],[77.1671,23.6731],[77.2772,23.6002],[77.2145,23.2854],[77.3797,23.0723],[77.6259,23.3157],[77.5173,23.5068],[77.6473,23.713],[77.3185,23.8903],[77.2267,23.8903]]]},"properties":{"district":"Bhopal","dt_code":"444","st_nm":"Madhya Pradesh","st_code":"23","year":"2011_c"}},
{"type":"Feature","geometry":{"type":"Polygon","coordinates":[[[87.9662,23.8092],[87.8454,23.5507],[87.5335,23.6085],[87.4494,23.4023],[87.7124,23.0105],[88.0503,22.9898],[88.1696,23.1562],[88.4143,23.2098],[88.3868,23.4971],[88.1773,23.7611],[87.9662,23.8092]]]},"properties":{"district":"Purba Bardhaman","dt_code":"335","st_nm":"West Bengal","st_code":"19","year":"2011_c"}},
{"type":"Feature","geometry":{"type":"Polygon","coordinates":[[[82.2165,22.9445],[82.5728,22.961],[82.7441,23.2689],[82.4979,23.7845],[82.2088,23.8532],[81.6033,23.8848],[81.6966,23.7212],[81.6109,23.5123],[81.9168,23.5343],[81.9856,23.4146],[82.1997,23.3143],[82.1232,23.104],[82.2165,22.9445]]]},"properties":{"district":"Koriya","dt_code":"400","st_nm":"Chhattisgarh","st_code":"22","year":"2011_c"}},
{"type":"Feature","geometry":{"type":"Polygon","coordinates":[[[75.6899,23.7473],[75.199,23.5356],[75.2419,23.1356],[75.4407,22.8675],[75.566,23.0861],[75.8979,23.0036],[76.0829,23.0476],[76.1211,23.2442],[76.1548,23.57],[75.8811,23.5576],[75.6899,23.7473]]]},"properties":{"district":"Ujjain","dt_code":"435","st_nm":"Madhya Pradesh","st_code":"23","year":"2011_c"}},
{"type":"Feature","geometry":{"type":"Polygon","coordinates":[[[72.3364,23.1067],[72.7661,23.0957],[72.838,22.9967],[73.0123,23.1603],[73.0169,23.2785],[72.7982,23.5013],[72.6239,23.5562],[72.3364,23.1067]]]},"properties":{"district":"Gandhinagar","dt_code":"473","st_nm":"Gujarat","st_code":"24","year":"2011_c"}},
{"type":"Feature","geometry":{"type":"Polygon","coordinates":[[[72.0611,22.1018],[72.2447,21.9945],[72.3762,22.3148],[72.5092,22.6104],[72.5214,22.796],[72.838,22.9967],[72.7661,23.0957],[72.3364,23.1067],[71.9893,23.4889],[71.87,23.3817],[71.9189,23.0655],[72.0566,22.796],[72.0336,22.5073],[71.8624,22.3712],[72.0611,22.1018]]]},"properties":{"district":"Ahmedabad","dt_code":"474","st_nm":"Gujarat","st_code":"24","year":"2011_c"}},
{"type":"Feature","geometry":{"type":"Polygon","coordinates":[[[78.2926,23.6759],[78.0846,23.4504],[77.5173,23.5068],[77.6259,23.3157],[77.3797,23.0723],[77.6396,22.8386],[77.9608,22.9692],[78.028,22.8029],[78.447,22.983],[78.7315,23.0448],[78.8095,23.2359],[78.499,23.5851],[78.2926,23.6759]]]},"properties":{"district":"Raisen","dt_code":"446","st_nm":"Madhya Pradesh","st_code":"23","year":"2011_c"}},
{"type":"Feature","geometry":{"type":"Polygon","coordinates":[[[86.6098,22.7988],[86.7521,23.0888],[86.9019,23.6387],[86.801,23.6992],[86.486,23.636],[86.3101,23.4119],[85.885,23.4834],[85.859,23.4298],[85.885,23.1672],[86.2413,22.9967],[86.4355,22.9266],[86.5594,22.7135],[86.6098,22.7988]]]},"properties":{"district":"Purulia","dt_code":"340","st_nm":"West Bengal","st_code":"19","year":"2011_c"}},
{"type":"Feature","geometry":{"type":"Polygon","coordinates":[[[77.2206,22.5692],[77.7421,22.7603],[78.028,22.8029],[77.9608,22.9692],[77.6396,22.8386],[77.3797,23.0723],[77.2145,23.2854],[77.2772,23.6002],[77.1671,23.6731],[77.0494,23.4669],[76.8552,23.1081],[76.5417,23.1301],[76.4545,22.9225],[76.5753,22.7713],[77.0035,22.8785],[77.1304,22.5554],[77.2206,22.5692]]]},"properties":{"district":"Sehore","dt_code":"445","st_nm":"Madhya Pradesh","st_code":"23","year":"2011_c"}},
{"type":"Feature","geometry":{"type":"Polygon","coordinates":[[[84.969,23.7157],[84.8849,23.559],[84.9017,23.3267],[84.943,23.0022],[85.0883,23.2428],[85.6143,23.115],[85.5822,22.895],[85.885,23.1672],[85.859,23.4298],[85.2305,23.6841],[85.0531,23.7116],[84.969,23.7157]]]},"properties":{"district":"Ranchi","dt_code":"364","st_nm":"Jharkhand","st_code":"20","year":"2011_c"}},
{"type":"Feature","geometry":{"type":"Polygon","coordinates":[[[87.5228,22.928],[87.7124,23.0105],[87.4494,23.4023],[87.2093,23.5576],[86.9019,23.6387],[86.7521,23.0888],[86.6098,22.7988],[86.8943,22.6517],[87.0762,22.7259],[87.064,22.851],[87.5228,22.928]]]},"properties":{"district":"Bankura","dt_code":"339","st_nm":"West Bengal","st_code":"19","year":"2011_c"}},
{"type":"Feature","geometry":{"type":"Polygon","coordinates":[[[84.3879,23.6044],[84.4415,23.405],[84.7932,23.2785],[84.9017,23.3267],[84.8849,23.559],[84.6418,23.669],[84.3879,23.6044]]]},"properties":{"district":"Lohardaga","dt_code":"356","st_nm":"Jharkhand","st_code":"20","year":"2011_c"}},
{"type":"Feature","geometry":{"type":"Polygon","coordinates":[[[73.5628,22.33],[73.731,22.2874],[73.8029,22.5486],[73.9023,23.0503],[73.6744,23.1026],[73.4221,22.9445],[73.3503,22.7919],[73.4206,22.4289],[73.5628,22.33]]]},"properties":{"district":"Panchmahal","dt_code":"484","st_nm":"Gujarat","st_code":"24","year":"2011_c"}},
{"type":"Feature","geometry":{"type":"Polygon","coordinates":[[[79.964,22.8524],[79.993,23.0283],[80.2484,23.1521],[80.5298,23.0833],[80.5757,23.3514],[80.5436,23.394],[80.2974,23.339],[80.2362,23.5741],[79.9288,23.5975],[79.675,23.3377],[79.3722,23.1658],[79.6077,23.0985],[79.6291,22.95],[79.964,22.8524]]]},"properties":{"district":"Jabalpur","dt_code":"451","st_nm":"Madhya Pradesh","st_code":"23","year":"2011_c"}},
{"type":"Feature","geometry":{"type":"Polygon","coordinates":[[[84.0744,23.3335],[84.0377,23.1713],[84.2931,22.7726],[84.4491,22.8359],[84.8574,22.7204],[84.9797,22.785],[84.943,23.0022],[84.9017,23.3267],[84.7932,23.2785],[84.4415,23.405],[84.3879,23.6044],[84.1922,23.3253],[84.0744,23.3335]]]},"properties":{"district":"Gumla","dt_code":"366","st_nm":"Jharkhand","st_code":"20","year":"2011_c"}},
{"type":"Feature","geometry":{"type":"Polygon","coordinates":[[[74.3794,22.6352],[74.465,22.8166],[74.3198,23.06],[73.9818,23.3377],[73.9023,23.0503],[73.8029,22.5486],[74.0583,22.5499],[74.3794,22.6352]]]},"properties":{"district":"Dahod","dt_code":"485","st_nm":"Gujarat","st_code":"24","year":"2011_c"}},
{"type":"Feature","geometry":{"type":"Polygon","coordinates":[[[77.1304,22.5554],[77.0035,22.8785],[76.5753,22.7713],[76.4545,22.9225],[76.5417,23.1301],[76.1211,23.2442],[76.0829,23.0476],[75.8979,23.0036],[76.1028,22.7012],[76.0829,22.5376],[76.2114,22.3272],[76.4973,22.4111],[76.7818,22.3437],[77.1304,22.5554]]]},"properties":{"district":"Dewas","dt_code":"437","st_nm":"Madhya Pradesh","st_code":"23","year":"2011_c"}},
{"type":"Feature","geometry":{"type":"Polygon","coordinates":[[[82.1232,23.104],[82.1997,23.3143],[81.9856,23.4146],[81.9137,23.3005],[81.5176,23.082],[81.2516,23.2126],[81.1262,23.2098],[81.1996,22.9129],[81.7317,22.6764],[81.9504,22.983],[82.1232,23.104]]]},"properties":{"district":"Anuppur","dt_code":"461","st_nm":"Madhya Pradesh","st_code":"23","year":"2011_c"}},
{"type":"Feature","geometry":{"type":"Polygon","coordinates":[[[74.7418,22.5596],[75.0033,22.9129],[75.0064,23.1095],[74.7342,23.2208],[74.3198,23.06],[74.465,22.8166],[74.3794,22.6352],[74.7418,22.5596]]]},"properties":{"district":"Jhabua","dt_code":"464","st_nm":"Madhya Pradesh","st_code":"23","year":"2011_c"}},
{"type":"Feature","geometry":{"type":"Polygon","coordinates":[[[89.055,22.1279],[88.8577,22.9679],[88.9419,23.2057],[88.7094,23.2318],[88.6115,22.9074],[88.4066,22.9431],[88.3501,22.6544],[88.3577,22.6324],[88.4143,22.5568],[88.6238,22.5802],[88.8042,22.3286],[89.055,22.1279]]]},"properties":{"district":"North 24 Parganas","dt_code":"337","st_nm":"West Bengal","st_code":"19","year":"2011_c"}},
{"type":"Feature","geometry":{"type":"Polygon","coordinates":[[[81.4748,22.4894],[81.7287,22.6695],[81.7317,22.6764],[81.1996,22.9129],[81.1262,23.2098],[80.7255,23.2607],[80.5757,23.3514],[80.5298,23.0833],[80.5237,22.8716],[80.8677,22.7575],[81.1935,22.4908],[81.4748,22.4894]]]},"properties":{"district":"Dindori","dt_code":"453","st_nm":"Madhya Pradesh","st_code":"23","year":"2011_c"}},
{"type":"Feature","geometry":{"type":"Polygon","coordinates":[[[87.8531,22.5953],[87.9922,22.7039],[88.3501,22.6544],[88.4066,22.9431],[88.4143,23.2098],[88.1696,23.1562],[88.0503,22.9898],[87.7124,23.0105],[87.5228,22.928],[87.8531,22.5953]]]},"properties":{"district":"Hooghly","dt_code":"338","st_nm":"West Bengal","st_code":"19","year":"2011_c"}},
{"type":"Feature","geometry":{"type":"Polygon","coordinates":[[[84.943,23.0022],[84.9797,22.785],[85.073,22.5678],[85.1571,22.8318],[85.5165,22.807],[85.5822,22.895],[85.6143,23.115],[85.0883,23.2428],[84.943,23.0022]]]},"properties":{"district":"Khunti","dt_code":"365","st_nm":"Jharkhand","st_code":"20","year":"2011_c"}},
{"type":"Feature","geometry":{"type":"Polygon","coordinates":[[[79.6291,22.95],[79.6077,23.0985],[79.3722,23.1658],[79.1902,23.2236],[78.8095,23.2359],[78.7315,23.0448],[78.447,22.983],[78.6902,22.7053],[78.918,22.6723],[79.2407,22.8029],[79.3278,22.6159],[79.6291,22.95]]]},"properties":{"district":"Narsinghpur","dt_code":"452","st_nm":"Madhya Pradesh","st_code":"23","year":"2011_c"}},
{"type":"Feature","geometry":{"type":"Polygon","coordinates":[[[74.5017,22.0454],[75.3168,22.1334],[75.4911,22.154],[75.5615,22.3767],[75.4407,22.8675],[75.2419,23.1356],[75.0064,23.1095],[75.0033,22.9129],[74.7418,22.5596],[74.5017,22.0454]]]},"properties":{"district":"Dhar","dt_code":"438","st_nm":"Madhya Pradesh","st_code":"23","year":"2011_c"}},
{"type":"Feature","geometry":{"type":"Polygon","coordinates":[[[84.0118,22.5279],[84.2931,22.7726],[84.0377,23.1713],[83.7915,23.2511],[83.5545,23.1699],[83.5041,22.9514],[83.6295,22.7121],[83.4093,22.6407],[83.4001,22.5541],[83.8023,22.2942],[84.0118,22.5279]]]},"properties":{"district":"Jashpur","dt_code":"402","st_nm":"Chhattisgarh","st_code":"22","year":"2011_c"}},
{"type":"Feature","geometry":{"type":"Polygon","coordinates":[[[76.0829,22.5376],[76.1028,22.7012],[75.8979,23.0036],[75.566,23.0861],[75.4407,22.8675],[75.5615,22.3767],[75.9942,22.4138],[76.0829,22.5376]]]},"properties":{"district":"Indore","dt_code":"439","st_nm":"Madhya Pradesh","st_code":"23","year":"2011_c"}},
{"type":"Feature","geometry":{"type":"Polygon","coordinates":[[[86.067,22.5568],[86.2413,22.9967],[85.885,23.1672],[85.5822,22.895],[85.5165,22.807],[85.8651,22.7121],[85.963,22.4853],[86.067,22.5568]]]},"properties":{"district":"Saraikela-Kharsawan","dt_code":"369","st_nm":"Jharkhand","st_code":"20","year":"2011_c"}},
{"type":"Feature","geometry":{"type":"Polygon","coordinates":[[[80.1001,22.3355],[80.5803,22.2269],[80.8662,22.3795],[81.0451,22.2406],[81.1935,22.4908],[80.8677,22.7575],[80.5237,22.8716],[80.5298,23.0833],[80.2484,23.1521],[79.993,23.0283],[79.964,22.8524],[80.1001,22.3355]]]},"properties":{"district":"Mandla","dt_code":"454","st_nm":"Madhya Pradesh","st_code":"23","year":"2011_c"}},
{"type":"Feature","geometry":{"type":"Polygon","coordinates":[[[86.7276,22.2159],[86.8453,22.4001],[86.5594,22.7135],[86.4355,22.9266],[86.2413,22.9967],[86.067,22.5568],[86.7276,22.2159]]]},"properties":{"district":"East Singhbhum","dt_code":"357","st_nm":"Jharkhand","st_code":"20","year":"2011_c"}},
{"type":"Feature","geometry":{"type":"Polygon","coordinates":[[[78.6902,22.7053],[78.447,22.983],[78.028,22.8029],[77.7421,22.7603],[77.2206,22.5692],[77.3904,22.2227],[77.5479,22.352],[78.0326,22.33],[78.2697,22.4015],[78.5602,22.4193],[78.522,22.6654],[78.6902,22.7053]]]},"properties":{"district":"Hoshangabad","dt_code":"449","st_nm":"Madhya Pradesh","st_code":"23","year":"2011_c"}},
{"type":"Feature","geometry":{"type":"Polygon","coordinates":[[[82.9367,22.1224],[83.1141,22.4221],[83.1111,22.6709],[82.7578,22.7974],[82.5728,22.961],[82.2165,22.9445],[82.1339,22.8537],[82.2043,22.3121],[82.4581,22.2145],[82.6691,22.0811],[82.9367,22.1224]]]},"properties":{"district":"Korba","dt_code":"404","st_nm":"Chhattisgarh","st_code":"22","year":"2011_c"}},
{"type":"Feature","geometry":{"type":"Polygon","coordinates":[[[85.963,22.4853],[85.8651,22.7121],[85.5165,22.807],[85.1571,22.8318],[85.073,22.5678],[85.0699,22.4908],[85.0287,22.1224],[85.2382,22.0096],[85.3972,22.1636],[85.6832,22.0578],[85.8972,21.9835],[86.0089,22.1155],[85.963,22.4853]]]},"properties":{"district":"West Singhbhum","dt_code":"368","st_nm":"Jharkhand","st_code":"20","year":"2011_c"}},
{"type":"Feature","geometry":{"type":"Polygon","coordinates":[[[88.2384,22.5444],[88.3577,22.6324],[88.3501,22.6544],[87.9922,22.7039],[87.8531,22.5953],[87.8928,22.5197],[87.9983,22.2447],[88.0824,22.2612],[88.2384,22.5444]]]},"properties":{"district":"Howrah","dt_code":"341","st_nm":"West Bengal","st_code":"19","year":"2011_c"}},
{"type":"Feature","geometry":{"type":"Polygon","coordinates":[[[85.0699,22.4908],[85.073,22.5678],[84.9797,22.785],[84.8574,22.7204],[84.4491,22.8359],[84.2931,22.7726],[84.0118,22.5279],[84.1968,22.3781],[84.4292,22.352],[85.0699,22.4908]]]},"properties":{"district":"Simdega","dt_code":"367","st_nm":"Jharkhand","st_code":"20","year":"2011_c"}},
{"type":"Feature","geometry":{"type":"Polygon","coordinates":[[[88.4143,22.5568],[88.3577,22.6324],[88.2384,22.5444],[88.4143,22.5568]]]},"properties":{"district":"Kolkata","dt_code":"342","st_nm":"West Bengal","st_code":"19","year":"2011_c"}},
{"type":"Feature","geometry":{"type":"Polygon","coordinates":[[[85.3743,24.5543],[85.3314,24.5103],[85.5165,24.3179],[85.8498,24.2739],[85.9018,24.766],[85.677,24.5914],[85.3743,24.5543]]]},"properties":{"district":"Koderma","dt_code":"348","st_nm":"Jharkhand","st_code":"20","year":"2011_c"}},
{"type":"Feature","geometry":{"type":"Polygon","coordinates":[[[85.0883,24.3701],[85.2015,23.9563],[85.0531,23.7116],[85.2305,23.6841],[85.6434,23.9549],[85.9141,23.9494],[85.6816,24.1763],[85.8498,24.2739],[85.5165,24.3179],[85.3314,24.5103],[85.0883,24.3701]]]},"properties":{"district":"Hazaribagh","dt_code":"360","st_nm":"Jharkhand","st_code":"20","year":"2011_c"}},
{"type":"Feature","geometry":{"type":"Polygon","coordinates":[[[85.6449,25.9167],[85.0684,25.9744],[85.2305,25.6005],[85.5272,25.5386],[85.6449,25.9167]]]},"properties":{"district":"Vaishali","dt_code":"220","st_nm":"Bihar","st_code":"10","year":"2011_c"}},
{"type":"Feature","geometry":{"type":"Polygon","coordinates":[[[85.7351,25.5249],[86.0685,25.3352],[86.2627,25.2802],[86.5104,25.4232],[86.2933,25.6376],[86.0838,25.7449],[85.7351,25.5249]]]},"properties":{"district":"Begusarai","dt_code":"222","st_nm":"Bihar","st_code":"10","year":"2011_c"}},
{"type":"Feature","geometry":{"type":"Polygon","coordinates":[[[87.2169,25.4562],[87.1007,25.5194],[86.8224,25.4452],[86.7261,25.2541],[86.6924,25.1152],[87.1756,25.0575],[87.4784,25.195],[87.5518,25.3311],[87.2169,25.4562]]]},"properties":{"district":"Bhagalpur","dt_code":"224","st_nm":"Bihar","st_code":"10","year":"2011_c"}},
{"type":"Feature","geometry":{"type":"Polygon","coordinates":[[[86.3713,25.1441],[86.2627,25.2802],[86.0685,25.3352],[85.9064,25.2884],[85.9018,25.2568],[85.9752,24.997],[86.119,24.9736],[86.3713,25.1441]]]},"properties":{"district":"Lakhisarai","dt_code":"227","st_nm":"Bihar","st_code":"10","year":"2011_c"}},
{"type":"Feature","geometry":{"type":"Polygon","coordinates":[[[85.9752,24.997],[85.9018,25.2568],[85.6342,25.0973],[85.8345,24.9874],[85.9752,24.997]]]},"properties":{"district":"Sheikhpura","dt_code":"228","st_nm":"Bihar","st_code":"10","year":"2011_c"}},
{"type":"Feature","geometry":{"type":"Polygon","coordinates":[[[84.4629,25.1606],[84.4476,25.1276],[84.7335,25.0547],[84.8559,25.0616],[84.8574,25.2266],[84.7075,25.3091],[84.4629,25.1606]]]},"properties":{"district":"Arwal","dt_code":"240","st_nm":"Bihar","st_code":"10","year":"2011_c"}},
{"type":"Feature","geometry":{"type":"Polygon","coordinates":[[[85.2015,25.0589],[85.1663,25.3077],[84.8574,25.2266],[84.8559,25.0616],[85.2015,25.0589]]]},"properties":{"district":"Jehanabad","dt_code":"239","st_nm":"Bihar","st_code":"10","year":"2011_c"}},
{"type":"Feature","geometry":{"type":"Polygon","coordinates":[[[85.6342,25.0973],[85.9018,25.2568],[85.9064,25.2884],[85.414,25.4617],[85.1663,25.3077],[85.2015,25.0589],[85.388,24.9626],[85.6342,25.0973]]]},"properties":{"district":"Nalanda","dt_code":"229","st_nm":"Bihar","st_code":"10","year":"2011_c"}},
{"type":"Feature","geometry":{"type":"Polygon","coordinates":[[[85.5272,25.5386],[85.2305,25.6005],[84.8482,25.6995],[84.7075,25.3091],[84.8574,25.2266],[85.1663,25.3077],[85.414,25.4617],[85.9064,25.2884],[86.0685,25.3352],[85.7351,25.5249],[85.5272,25.5386]]]},"properties":{"district":"Patna","dt_code":"230","st_nm":"Bihar","st_code":"10","year":"2011_c"}},
{"type":"Feature","geometry":{"type":"Polygon","coordinates":[[[84.7656,26.2095],[84.472,25.8823],[84.6005,25.7325],[84.8482,25.6995],[85.2305,25.6005],[85.0684,25.9744],[84.8972,26.215],[84.7656,26.2095]]]},"properties":{"district":"Saran","dt_code":"219","st_nm":"Bihar","st_code":"10","year":"2011_c"}},
{"type":"Feature","geometry":{"type":"Polygon","coordinates":[[[84.0561,26.0995],[84.472,25.8823],[84.7656,26.2095],[84.654,26.2989],[84.157,26.3759],[84.0561,26.0995]]]},"properties":{"district":"Siwan","dt_code":"218","st_nm":"Bihar","st_code":"10","year":"2011_c"}},
{"type":"Feature","geometry":{"type":"Polygon","coordinates":[[[85.2902,26.3539],[84.865,26.2604],[84.8972,26.215],[85.0684,25.9744],[85.6449,25.9167],[85.7122,26.0885],[85.7046,26.303],[85.3758,26.3374],[85.2902,26.3539]]]},"properties":{"district":"Muzaffarpur","dt_code":"216","st_nm":"Bihar","st_code":"10","year":"2011_c"}},
{"type":"Feature","geometry":{"type":"Polygon","coordinates":[[[86.8224,25.4452],[87.1007,25.5194],[87.0074,25.7449],[87.0793,25.9648],[87.0931,26.0597],[86.645,26.0184],[86.8438,25.8713],[86.7979,25.6349],[86.8224,25.4452]]]},"properties":{"district":"Madhepura","dt_code":"213","st_nm":"Bihar","st_code":"10","year":"2011_c"}},
{"type":"Feature","geometry":{"type":"Polygon","coordinates":[[[87.0793,25.9648],[87.5182,25.9744],[87.6849,26.1023],[87.6589,26.38],[87.1619,26.4047],[87.0426,26.5601],[87.0931,26.0597],[87.0793,25.9648]]]},"properties":{"district":"Araria","dt_code":"209","st_nm":"Bihar","st_code":"10","year":"2011_c"}},
{"type":"Feature","geometry":{"type":"Polygon","coordinates":[[[86.645,26.0184],[87.0931,26.0597],[87.0426,26.5601],[86.723,26.4254],[86.5349,26.303],[86.437,26.072],[86.645,26.0184]]]},"properties":{"district":"Supaul","dt_code":"208","st_nm":"Bihar","st_code":"10","year":"2011_c"}},
{"type":"Feature","geometry":{"type":"Polygon","coordinates":[[[85.7673,26.4364],[86.33,26.1559],[86.3881,26.0336],[86.437,26.072],[86.5349,26.303],[86.723,26.4254],[86.5426,26.5381],[86.0287,26.6659],[85.8162,26.6],[85.7673,26.4364]]]},"properties":{"district":"Madhubani","dt_code":"207","st_nm":"Bihar","st_code":"10","year":"2011_c"}},
{"type":"Feature","geometry":{"type":"Polygon","coordinates":[[[87.8271,25.8906],[87.85,26.0391],[87.6849,26.1023],[87.5182,25.9744],[87.0793,25.9648],[87.0074,25.7449],[87.1007,25.5194],[87.2169,25.4562],[87.2414,25.6967],[87.6497,25.683],[87.8271,25.8906]]]},"properties":{"district":"Purnia","dt_code":"211","st_nm":"Bihar","st_code":"10","year":"2011_c"}},
{"type":"Feature","geometry":{"type":"Polygon","coordinates":[[[82.4979,23.7845],[82.7441,23.2689],[82.5728,22.961],[82.7578,22.7974],[82.8526,22.9871],[83.2456,23.2318],[83.3481,23.4696],[83.0652,23.7693],[82.6936,23.9192],[82.4979,23.7845]]]},"properties":{"district":"Surajpur","dt_code":"715","st_nm":"Chhattisgarh","st_code":"22","year":"update2014"}},
{"type":"Feature","geometry":{"type":"Polygon","coordinates":[[[83.4093,22.6407],[83.6295,22.7121],[83.5041,22.9514],[83.5545,23.1699],[83.2456,23.2318],[82.8526,22.9871],[82.7578,22.7974],[83.1111,22.6709],[83.4093,22.6407]]]},"properties":{"district":"Surguja","dt_code":"401","st_nm":"Chhattisgarh","st_code":"22","year":"2011_c"}},
{"type":"Feature","geometry":{"type":"Polygon","coordinates":[[[73.3778,23.9041],[73.0169,23.2785],[73.0123,23.1603],[73.2723,23.0586],[73.627,23.449],[73.6561,23.6209],[73.3686,23.8147],[73.3778,23.9041]]]},"properties":{"district":"Aravalli","dt_code":"725","st_nm":"Gujarat","st_code":"24","year":"update2014"}},
{"type":"Feature","geometry":{"type":"Polygon","coordinates":[[[73.627,23.449],[73.2723,23.0586],[73.4221,22.9445],[73.6744,23.1026],[73.9023,23.0503],[73.9818,23.3377],[73.9589,23.3803],[73.627,23.449]]]},"properties":{"district":"Mahisagar","dt_code":"730","st_nm":"Gujarat","st_code":"24","year":"update2014"}},
{"type":"Feature","geometry":{"type":"Polygon","coordinates":[[[81.3448,26.5436],[81.4075,26.3154],[81.3066,26.0184],[81.4458,25.9346],[81.7684,26.0679],[82.0483,26.0583],[81.8525,26.2838],[81.9397,26.5078],[81.5589,26.6412],[81.3448,26.5436]]]},"properties":{"district":"Amethi","dt_code":"706","st_nm":"Uttar Pradesh","st_code":"09","year":"update2014"}},
{"type":"Feature","geometry":{"type":"Polygon","coordinates":[[[77.6901,28.7446],[77.4469,28.9274],[77.2222,28.8312],[77.3414,28.6098],[77.5662,28.6525],[77.6901,28.7446]]]},"properties":{"district":"Ghaziabad","dt_code":"140","st_nm":"Uttar Pradesh","st_code":"09","year":"2011_c"}},
{"type":"Feature","geometry":{"type":"Polygon","coordinates":[[[75.6899,23.7473],[75.8811,23.5576],[76.1548,23.57],[76.4346,23.6332],[76.2129,24.2093],[75.9376,23.8972],[75.6899,23.7473]]]},"properties":{"district":"Agar Malwa","dt_code":"724","st_nm":"Madhya Pradesh","st_code":"23","year":"update2014"}},
{"type":"Feature","geometry":{"type":"Polygon","coordinates":[[[78.3048,28.438],[78.4791,28.1122],[78.5785,28.0627],[78.6519,28.3184],[78.8722,28.4682],[78.6229,28.8064],[78.4073,28.7817],[78.3048,28.438]]]},"properties":{"district":"Sambhal","dt_code":"754","st_nm":"Uttar Pradesh","st_code":"09","year":"2011_c"}},
{"type":"Feature","geometry":{"type":"Polygon","coordinates":[[[76.4224,28.702],[76.3261,28.8119],[75.8474,28.5865],[75.9055,28.4325],[76.2848,28.4298],[76.2924,28.4682],[76.4224,28.702]]]},"properties":{"district":"Charkhi Dadri","dt_code":"765","st_nm":"Haryana","st_code":"06","year":"2016_c"}},
{"type":"Feature","geometry":{"type":"Polygon","coordinates":[[[89.8517,26.6976],[89.3746,26.8543],[89.0902,26.8405],[89.1192,26.5243],[89.8349,26.4144],[89.8517,26.6976]]]},"properties":{"district":"Alipurduar","dt_code":"774","st_nm":"West Bengal","st_code":"19","year":"2014_c"}},
{"type":"Feature","geometry":{"type":"Polygon","coordinates":[[[87.0854,23.812],[86.801,23.8339],[86.801,23.6992],[86.9019,23.6387],[87.2093,23.5576],[87.4494,23.4023],[87.5335,23.6085],[87.0854,23.812]]]},"properties":{"district":"Paschim Bardhaman","dt_code":"777","st_nm":"West Bengal","st_code":"19","year":"2017_c"}},
{"type":"Feature","geometry":{"type":"Polygon","coordinates":[[[88.425,27.0715],[88.4785,26.8804],[88.8685,26.9656],[88.7216,27.1389],[88.532,27.176],[88.425,27.0715]]]},"properties":{"district":"Kalimpong","dt_code":"775","st_nm":"West Bengal","st_code":"19","year":"2017_c"}},
{"type":"Feature","geometry":{"type":"Polygon","coordinates":[[[74.9743,26.8914],[74.8519,26.9794],[74.6699,26.5958],[74.2907,26.4487],[74.3672,26.1917],[74.1072,25.8562],[74.1821,25.848],[74.2846,25.8837],[74.3886,25.9634],[75.3168,25.7669],[75.1119,26.2879],[75.1669,26.4639],[74.9635,26.6838],[74.9743,26.8914]]]},"properties":{"district":"Ajmer","dt_code":"119","st_nm":"Rajasthan","st_code":"08","year":"2011_c"}},
{"type":"Feature","geometry":{"type":"Polygon","coordinates":[[[89.8349,26.4144],[89.1192,26.5243],[88.9617,26.5381],[88.7599,26.3291],[89.3486,26.0102],[89.5413,26.0061],[89.7294,26.171],[89.8425,26.3827],[89.8349,26.4144]]]},"properties":{"district":"Cooch Behar","dt_code":"329","st_nm":"West Bengal","st_code":"19","year":"2011_c"}},
{"type":"Feature","geometry":{"type":"Polygon","coordinates":[[[88.24,26.4584],[88.2797,26.3305],[87.85,26.0391],[87.8271,25.8906],[88.0672,25.4837],[88.269,25.3036],[88.1666,25.4259],[88.4464,25.595],[88.0932,25.9304],[88.1788,26.149],[88.3516,26.2219],[88.3332,26.4968],[88.24,26.4584]]]},"properties":{"district":"Uttar Dinajpur","dt_code":"330","st_nm":"West Bengal","st_code":"19","year":"2011_c"}},
{"type":"Feature","geometry":{"type":"MultiPolygon","coordinates":[[[[78.3905,25.206],[78.3736,25.0987],[78.447,25.1221],[78.3905,25.206]]],[[[78.6275,26.1573],[78.5847,26.0061],[78.2956,25.7861],[78.4516,25.5716],[78.6581,25.5593],[78.8859,25.9126],[78.6275,26.1573]]]]},"properties":{"district":"Datia","dt_code":"422","st_nm":"Madhya Pradesh","st_code":"23","year":"2011_c"}},
{"type":"Feature","geometry":{"type":"Polygon","coordinates":[[[74.0537,25.8301],[73.9084,25.6844],[73.7417,25.3929],[73.4879,25.1042],[73.6714,24.7702],[73.994,24.9214],[74.1424,24.8815],[74.2632,25.0657],[74.0216,25.3476],[74.1821,25.848],[74.1072,25.8562],[74.0537,25.8301]]]},"properties":{"district":"Rajsamand","dt_code":"123","st_nm":"Rajasthan","st_code":"08","year":"2011_c"}},
{"type":"Feature","geometry":{"type":"Polygon","coordinates":[[[79.2804,25.3242],[79.6734,25.1207],[80.1047,25.3503],[80.2148,25.5153],[79.7866,25.5895],[79.6398,25.485],[79.3936,25.5194],[79.2804,25.3242]]]},"properties":{"district":"Mahoba","dt_code":"169","st_nm":"Uttar Pradesh","st_code":"09","year":"2011_c"}},
{"type":"Feature","geometry":{"type":"Polygon","coordinates":[[[79.2804,25.3242],[79.3233,25.1496],[79.3034,24.6877],[79.0908,24.6327],[78.9853,24.4416],[78.9914,24.4168],[79.233,24.3344],[79.1443,24.102],[79.3829,24.1955],[79.5664,24.4278],[79.7958,24.3742],[79.8936,24.6973],[80.2637,25.0245],[80.4304,25.1743],[80.1047,25.3503],[79.6734,25.1207],[79.2804,25.3242]]]},"properties":{"district":"Chhatarpur","dt_code":"425","st_nm":"Madhya Pradesh","st_code":"23","year":"2011_c"}},
{"type":"Feature","geometry":{"type":"MultiPolygon","coordinates":[[[[75.352,25.019],[75.1838,24.7482],[75.5492,24.7028],[75.7847,24.7619],[75.537,25.0149],[75.4514,25.0492],[75.352,25.019]]],[[[74.2632,25.0657],[74.1424,24.8815],[74.4299,24.2574],[74.6975,24.4828],[74.9926,24.6932],[75.1914,25.0369],[74.7953,25.1523],[74.387,25.1812],[74.2632,25.0657]]]]},"properties":{"district":"Chittorgarh","dt_code":"126","st_nm":"Rajasthan","st_code":"08","year":"2011_c"}},
{"type":"Feature","geometry":{"type":"Polygon","coordinates":[[[80.2637,25.0245],[79.8936,24.6973],[79.7958,24.3742],[79.7667,24.0415],[79.8646,23.8284],[80.0527,23.992],[80.3585,23.9687],[80.6322,24.1749],[80.461,24.4375],[80.6032,24.8306],[80.4778,24.9764],[80.2637,25.0245]]]},"properties":{"district":"Panna","dt_code":"426","st_nm":"Madhya Pradesh","st_code":"23","year":"2011_c"}},
{"type":"Feature","geometry":{"type":"Polygon","coordinates":[[[72.9588,24.3605],[73.0276,24.2739],[72.9573,24.1584],[72.9236,24.0402],[72.867,24.025],[72.8181,23.9481],[72.789,23.8326],[72.7982,23.5013],[73.0169,23.2785],[73.3778,23.9041],[73.4053,24.0415],[73.0674,24.1941],[73.0016,24.4801],[72.9588,24.3605]]]},"properties":{"district":"Sabarkantha","dt_code":"472","st_nm":"Gujarat","st_code":"24","year":"2011_c"}},
{"type":"Feature","geometry":{"type":"Polygon","coordinates":[[[71.1115,24.6753],[70.9861,24.366],[70.8057,24.2203],[70.5717,24.2519],[70.5732,24.4223],[70.1099,24.2945],[70.0258,24.1708],[69.7322,24.1708],[69.5946,24.2931],[69.1939,24.2368],[68.7642,24.2959],[68.7535,23.9714],[68.3391,23.9659],[68.2091,23.8752],[68.1418,23.6016],[68.3101,23.5782],[68.6327,23.1699],[69.1312,22.8744],[69.6481,22.796],[70.0809,22.9197],[70.3118,23.2153],[70.6895,23.1177],[71.1222,23.2057],[71.3088,23.1713],[71.6697,23.1424],[71.5336,23.4793],[71.3761,23.6497],[71.0809,23.5989],[71.1008,23.9027],[71.3195,23.9838],[71.295,24.3014],[71.3485,24.5172],[71.2599,24.5337],[71.2874,24.6162],[71.188,24.6506],[71.1115,24.6753]]]},"properties":{"district":"Kutch","dt_code":"468","st_nm":"Gujarat","st_code":"24","year":"2011_c"}},
{"type":"Feature","geometry":{"type":"Polygon","coordinates":[[[71.8624,22.3712],[72.0336,22.5073],[72.0566,22.796],[71.9189,23.0655],[71.87,23.3817],[71.9893,23.4889],[71.9694,23.526],[71.5336,23.4793],[71.6697,23.1424],[71.3088,23.1713],[71.347,23.0985],[71.0825,22.4028],[70.9815,22.4152],[71.4372,22.2612],[71.8624,22.3712]]]},"properties":{"district":"Surendranagar","dt_code":"475","st_nm":"Gujarat","st_code":"24","year":"2011_c"}},
{"type":"Feature","geometry":{"type":"Polygon","coordinates":[[[73.3503,22.7919],[73.4221,22.9445],[73.2723,23.0586],[73.0123,23.1603],[72.838,22.9967],[72.5214,22.796],[72.5092,22.6104],[73.2187,22.6283],[73.3503,22.7919]]]},"properties":{"district":"Kheda","dt_code":"483","st_nm":"Gujarat","st_code":"24","year":"2011_c"}},
{"type":"Feature","geometry":{"type":"Polygon","coordinates":[[[73.2187,22.6283],[72.5092,22.6104],[72.3762,22.3148],[72.9465,22.2928],[73.2187,22.6283]]]},"properties":{"district":"Anand","dt_code":"482","st_nm":"Gujarat","st_code":"24","year":"2011_c"}},
{"type":"Feature","geometry":{"type":"Polygon","coordinates":[[[88.11,26.5477],[88.0335,26.3924],[87.6589,26.38],[87.6849,26.1023],[87.85,26.0391],[88.2797,26.3305],[88.24,26.4584],[88.11,26.5477]]]},"properties":{"district":"Kishanganj","dt_code":"210","st_nm":"Bihar","st_code":"10","year":"2011_c"}},
{"type":"Feature","geometry":{"type":"Polygon","coordinates":[[[70.9815,22.4152],[71.0825,22.4028],[71.347,23.0985],[71.3088,23.1713],[71.1222,23.2057],[70.6895,23.1177],[70.4968,22.9335],[70.6451,22.8634],[70.5809,22.6035],[70.6941,22.4372],[70.9815,22.4152]]]},"properties":{"district":"Morbi","dt_code":"727","st_nm":"Gujarat","st_code":"24","year":"update2014"}},
{"type":"Feature","geometry":{"type":"Polygon","coordinates":[[[78.3981,32.5251],[78.7605,32.6544],[78.8569,32.4399],[79.1138,32.3835],[79.3187,32.5925],[79.626,32.7396],[79.3753,33.0847],[79.4532,33.2579],[78.9884,33.3335],[78.9134,33.5741],[79.1061,33.6167],[78.9043,33.9755],[79.3538,34.036],[79.5909,34.2821],[79.5068,34.4745],[80.068,34.7138],[80.1811,35.166],[80.3264,35.4699],[80.2897,35.6073],[79.8692,35.7819],[79.2147,35.9785],[78.6642,35.8576],[77.9653,35.5716],[77.6121,35.4685],[77.4301,35.6541],[76.9347,35.7833],[76.8001,36.0473],[76.3505,36.3593],[75.748,36.5875],[75.4728,36.8103],[75.3428,37.0522],[74.9207,36.9051],[74.7082,37.077],[73.7004,36.6838],[73.4405,36.7443],[73.1255,36.6865],[72.9909,36.4569],[72.5948,36.2617],[72.5337,35.9167],[72.6896,35.8328],[73.0888,35.8823],[73.1362,35.7187],[73.4068,35.5634],[73.7845,35.5249],[73.7952,35.2444],[74.147,35.0973],[74.4864,35.1097],[74.5675,34.8732],[74.3198,34.7866],[74.6011,34.7371],[75.2388,34.6285],[75.3749,34.3879],[75.3841,34.3618],[75.5997,34.502],[75.8933,34.5447],[76.4209,34.7206],[76.5615,34.5708],[76.6885,34.08],[76.5157,33.9453],[77.4424,33.4916],[77.4775,33.2744],[77.2741,32.8743],[77.7406,32.9692],[78.0158,32.62],[78.3874,32.7575],[78.3981,32.5251]]]},"properties":{"district":"Leh","dt_code":"003","st_nm":"Ladakh","st_code":"38","year":"2011_c"}},
{"type":"Feature","geometry":{"type":"Polygon","coordinates":[[[75.3841,34.3618],[75.4972,34.234],[75.5951,34.1982],[75.8642,33.9783],[76.0217,33.9975],[76.7726,33.251],[76.9331,33.0283],[77.2741,32.8743],[77.4775,33.2744],[77.4424,33.4916],[76.5157,33.9453],[76.6885,34.08],[76.5615,34.5708],[76.4209,34.7206],[75.8933,34.5447],[75.5997,34.502],[75.3841,34.3618]]]},"properties":{"district":"Kargil","dt_code":"004","st_nm":"Ladakh","st_code":"38","year":"2011_c"}},
{"type":"Feature","geometry":{"type":"Polygon","coordinates":[[[74.3198,34.7866],[73.9772,34.6863],[73.8931,34.4498],[73.994,34.2573],[74.4299,34.4333],[74.6011,34.7371],[74.3198,34.7866]]]},"properties":{"district":"Kupwara","dt_code":"001","st_nm":"Jammu and Kashmir","st_code":"01","year":"2011_c"}},
{"type":"Feature","geometry":{"type":"Polygon","coordinates":[[[74.6011,34.7371],[74.4299,34.4333],[74.6852,34.1776],[74.7005,34.1845],[75.0171,34.4361],[75.3749,34.3879],[75.2388,34.6285],[74.6011,34.7371]]]},"properties":{"district":"Bandipora","dt_code":"009","st_nm":"Jammu and Kashmir","st_code":"01","year":"2011_c"}},
{"type":"Feature","geometry":{"type":"Polygon","coordinates":[[[73.994,34.2573],[73.8946,34.0649],[74.2464,34.0209],[74.4161,33.9081],[74.6929,34.1377],[74.6852,34.1776],[74.4299,34.4333],[73.994,34.2573]]]},"properties":{"district":"Baramulla","dt_code":"008","st_nm":"Jammu and Kashmir","st_code":"01","year":"2011_c"}},
{"type":"Feature","geometry":{"type":"Polygon","coordinates":[[[75.3749,34.3879],[75.0171,34.4361],[74.7005,34.1845],[75.1058,34.1666],[75.4972,34.234],[75.3841,34.3618],[75.3749,34.3879]]]},"properties":{"district":"Ganderbal","dt_code":"011","st_nm":"Jammu and Kashmir","st_code":"01","year":"2011_c"}},
{"type":"Feature","geometry":{"type":"Polygon","coordinates":[[[75.4972,34.234],[75.1058,34.1666],[75.1501,34.0855],[75.0431,33.8133],[75.0308,33.7803],[75.1516,33.5562],[75.3825,33.3637],[75.4728,33.3995],[75.5217,33.7157],[75.3948,33.9027],[75.5951,34.1982],[75.4972,34.234]]]},"properties":{"district":"Anantnag","dt_code":"014","st_nm":"Jammu and Kashmir","st_code":"01","year":"2011_c"}},
{"type":"Feature","geometry":{"type":"Polygon","coordinates":[[[75.5951,34.1982],[75.3948,33.9027],[75.5217,33.7157],[75.4728,33.3995],[75.6043,33.2565],[76.2221,33.0214],[76.4102,33.1864],[76.7481,33.1795],[76.7726,33.251],[76.0217,33.9975],[75.8642,33.9783],[75.5951,34.1982]]]},"properties":{"district":"Kishtwar","dt_code":"018","st_nm":"Jammu and Kashmir","st_code":"01","year":"2011_c"}},
{"type":"Feature","geometry":{"type":"Polygon","coordinates":[[[74.6852,34.1776],[74.6929,34.1377],[74.9146,34.0209],[75.1501,34.0855],[75.1058,34.1666],[74.7005,34.1845],[74.6852,34.1776]]]},"properties":{"district":"Srinagar","dt_code":"010","st_nm":"Jammu and Kashmir","st_code":"01","year":"2011_c"}},
{"type":"Feature","geometry":{"type":"Polygon","coordinates":[[[74.4161,33.9081],[74.543,33.6813],[74.5675,33.6923],[74.7158,33.805],[74.9146,34.0209],[74.6929,34.1377],[74.4161,33.9081]]]},"properties":{"district":"Budgam","dt_code":"002","st_nm":"Jammu and Kashmir","st_code":"01","year":"2011_c"}},
{"type":"Feature","geometry":{"type":"Polygon","coordinates":[[[75.1501,34.0855],[74.9146,34.0209],[74.7158,33.805],[75.0431,33.8133],[75.1501,34.0855]]]},"properties":{"district":"Pulwama","dt_code":"012","st_nm":"Jammu and Kashmir","st_code":"01","year":"2011_c"}},
{"type":"Feature","geometry":{"type":"Polygon","coordinates":[[[73.8946,34.0649],[73.4879,34.1446],[73.598,33.7129],[73.9528,33.6222],[74.1668,33.4119],[74.2097,33.5452],[74.5736,33.5081],[74.543,33.6813],[74.4161,33.9081],[74.2464,34.0209],[73.8946,34.0649]]]},"properties":{"district":"Punch","dt_code":"005","st_nm":"Jammu and Kashmir","st_code":"01","year":"2011_c"}},
{"type":"Feature","geometry":{"type":"Polygon","coordinates":[[[75.0431,33.8133],[74.7158,33.805],[74.5675,33.6923],[74.8703,33.6236],[75.0308,33.7803],[75.0431,33.8133]]]},"properties":{"district":"Shopiyan","dt_code":"013","st_nm":"Jammu and Kashmir","st_code":"01","year":"2011_c"}},
{"type":"Feature","geometry":{"type":"Polygon","coordinates":[[[75.1516,33.5562],[75.0308,33.7803],[74.8703,33.6236],[74.5675,33.6923],[74.543,33.6813],[74.5736,33.5081],[74.6256,33.4957],[75.0232,33.4985],[75.1516,33.5562]]]},"properties":{"district":"Kulgam","dt_code":"015","st_nm":"Jammu and Kashmir","st_code":"01","year":"2011_c"}},
{"type":"Feature","geometry":{"type":"Polygon","coordinates":[[[74.1668,33.4119],[74.0017,33.218],[74.3335,32.9541],[74.5705,33.0283],[74.6914,33.2414],[74.6256,33.4957],[74.5736,33.5081],[74.2097,33.5452],[74.1668,33.4119]]]},"properties":{"district":"Rajouri","dt_code":"006","st_nm":"Jammu and Kashmir","st_code":"01","year":"2011_c"}},
{"type":"Feature","geometry":{"type":"Polygon","coordinates":[[[75.1516,33.5562],[75.0232,33.4985],[75.092,33.1864],[75.3565,33.0695],[75.3825,33.3637],[75.1516,33.5562]]]},"properties":{"district":"Ramban","dt_code":"017","st_nm":"Jammu and Kashmir","st_code":"01","year":"2011_c"}},
{"type":"Feature","geometry":{"type":"Polygon","coordinates":[[[74.6256,33.4957],[74.6914,33.2414],[74.5705,33.0283],[74.9804,32.9279],[75.092,33.1864],[75.0232,33.4985],[74.6256,33.4957]]]},"properties":{"district":"Reasi","dt_code":"020","st_nm":"Jammu and Kashmir","st_code":"01","year":"2011_c"}},
{"type":"Feature","geometry":{"type":"Polygon","coordinates":[[[75.3825,33.3637],[75.3565,33.0695],[75.6823,32.862],[75.8015,32.8853],[76.2221,33.0214],[75.6043,33.2565],[75.4728,33.3995],[75.3825,33.3637]]]},"properties":{"district":"Doda","dt_code":"016","st_nm":"Jammu and Kashmir","st_code":"01","year":"2011_c"}},
{"type":"Feature","geometry":{"type":"Polygon","coordinates":[[[77.2741,32.8743],[76.9331,33.0283],[76.7726,33.251],[76.7481,33.1795],[76.7863,32.9527],[76.4912,32.8015],[76.8659,32.4633],[77.0738,32.3987],[77.1518,32.4152],[77.7436,32.0907],[77.8629,31.7814],[78.028,31.7594],[78.4486,32.0605],[78.6734,32.0784],[78.4822,32.2791],[78.3981,32.5251],[78.3874,32.7575],[78.0158,32.62],[77.7406,32.9692],[77.2741,32.8743]]]},"properties":{"district":"Lahaul and Spiti","dt_code":"025","st_nm":"Himachal Pradesh","st_code":"02","year":"2011_c"}},
{"type":"Feature","geometry":{"type":"Polygon","coordinates":[[[76.2221,33.0214],[75.8015,32.8853],[75.9239,32.7479],[75.8367,32.5114],[75.9315,32.3945],[76.2221,32.3945],[76.6655,32.176],[76.8659,32.4633],[76.4912,32.8015],[76.7863,32.9527],[76.7481,33.1795],[76.4102,33.1864],[76.2221,33.0214]]]},"properties":{"district":"Chamba","dt_code":"023","st_nm":"Himachal Pradesh","st_code":"02","year":"2011_c"}},
{"type":"Feature","geometry":{"type":"Polygon","coordinates":[[[74.3335,32.9541],[74.4467,32.7891],[74.6592,32.7877],[74.6806,32.4922],[74.8886,32.521],[75.092,32.7162],[74.9804,32.9279],[74.5705,33.0283],[74.3335,32.9541]]]},"properties":{"district":"Jammu","dt_code":"021","st_nm":"Jammu and Kashmir","st_code":"01","year":"2011_c"}},
{"type":"Feature","geometry":{"type":"Polygon","coordinates":[[[75.6823,32.862],[75.2847,32.642],[75.2052,32.4179],[75.3413,32.3464],[75.5125,32.3079],[75.8367,32.5114],[75.9239,32.7479],[75.8015,32.8853],[75.6823,32.862]]]},"properties":{"district":"Kathua","dt_code":"007","st_nm":"Jammu and Kashmir","st_code":"01","year":"2011_c"}},
{"type":"Feature","geometry":{"type":"Polygon","coordinates":[[[75.3795,32.1828],[74.9131,32.044],[74.9697,31.8309],[75.404,31.5931],[75.4758,31.6494],[75.5982,32.0825],[75.6012,32.0935],[75.3795,32.1828]]]},"properties":{"district":"Gurdaspur","dt_code":"035","st_nm":"Punjab","st_code":"03","year":"2011_c"}},
{"type":"Feature","geometry":{"type":"Polygon","coordinates":[[[76.8659,32.4633],[76.6655,32.176],[76.2221,32.3945],[75.9315,32.3945],[75.6379,32.2516],[75.6012,32.0935],[75.5982,32.0825],[75.9606,31.857],[76.3123,31.7223],[76.6395,31.8721],[76.9362,32.0619],[77.0738,32.3987],[76.8659,32.4633]]]},"properties":{"district":"Kangra","dt_code":"024","st_nm":"Himachal Pradesh","st_code":"02","year":"2011_c"}},
{"type":"Feature","geometry":{"type":"Polygon","coordinates":[[[77.0738,32.3987],[76.9362,32.0619],[77.3032,31.6687],[77.3827,31.3607],[77.6289,31.3896],[77.7482,31.714],[77.8629,31.7814],[77.7436,32.0907],[77.1518,32.4152],[77.0738,32.3987]]]},"properties":{"district":"Kullu","dt_code":"026","st_nm":"Himachal Pradesh","st_code":"02","year":"2011_c"}},
{"type":"Feature","geometry":{"type":"Polygon","coordinates":[[[75.4758,31.6494],[75.5982,31.6054],[75.7878,31.3649],[75.8902,31.2755],[76.138,31.1463],[76.3306,31.2233],[76.2894,31.3071],[76.0172,31.6316],[75.9606,31.857],[75.5982,32.0825],[75.4758,31.6494]]]},"properties":{"district":"Hoshiarpur","dt_code":"038","st_nm":"Punjab","st_code":"03","year":"2011_c"}},
{"type":"Feature","geometry":{"type":"Polygon","coordinates":[[[74.9131,32.044],[74.5033,31.7402],[74.6118,31.4996],[75.2908,31.4913],[75.404,31.5931],[74.9697,31.8309],[74.9131,32.044]]]},"properties":{"district":"Amritsar","dt_code":"049","st_nm":"Punjab","st_code":"03","year":"2011_c"}},
{"type":"Feature","geometry":{"type":"Polygon","coordinates":[[[76.6395,31.8721],[76.7313,31.5821],[76.8766,31.3511],[77.031,31.2727],[77.3827,31.3607],[77.3032,31.6687],[76.9362,32.0619],[76.6395,31.8721]]]},"properties":{"district":"Mandi","dt_code":"027","st_nm":"Himachal Pradesh","st_code":"02","year":"2011_c"}},
{"type":"Feature","geometry":{"type":"Polygon","coordinates":[[[77.8629,31.7814],[77.7482,31.714],[77.8399,31.5065],[78.3109,31.2837],[78.4837,31.1985],[78.8813,31.2837],[78.7498,31.3662],[78.8462,31.6082],[78.7055,31.7745],[78.6734,32.0784],[78.4486,32.0605],[78.028,31.7594],[77.8629,31.7814]]]},"properties":{"district":"Kinnaur","dt_code":"034","st_nm":"Himachal Pradesh","st_code":"02","year":"2011_c"}},
{"type":"Feature","geometry":{"type":"Polygon","coordinates":[[[75.9606,31.857],[76.0172,31.6316],[76.2894,31.3071],[76.3918,31.413],[76.4622,31.4872],[76.3123,31.7223],[75.9606,31.857]]]},"properties":{"district":"Una","dt_code":"029","st_nm":"Himachal Pradesh","st_code":"02","year":"2011_c"}},
{"type":"Feature","geometry":{"type":"Polygon","coordinates":[[[77.3827,31.3607],[77.031,31.2727],[77.2466,30.9194],[77.7039,30.7641],[77.8292,31.0294],[77.9669,31.1738],[78.3109,31.2837],[77.8399,31.5065],[77.7482,31.714],[77.6289,31.3896],[77.3827,31.3607]]]},"properties":{"district":"Shimla","dt_code":"033","st_nm":"Himachal Pradesh","st_code":"02","year":"2011_c"}},
{"type":"Feature","geometry":{"type":"Polygon","coordinates":[[[75.5982,31.6054],[75.4177,31.2494],[75.0782,31.1476],[75.147,31.0913],[75.3596,30.9937],[75.9529,31.0102],[75.7985,31.2164],[75.7878,31.3649],[75.5982,31.6054]]]},"properties":{"district":"Jalandhar","dt_code":"037","st_nm":"Punjab","st_code":"03","year":"2011_c"}},
{"type":"Feature","geometry":{"type":"Polygon","coordinates":[[[74.6118,31.4996],[74.5109,31.1325],[74.7082,31.072],[74.9651,31.1531],[75.2908,31.4913],[74.6118,31.4996]]]},"properties":{"district":"Tarn Taran","dt_code":"050","st_nm":"Punjab","st_code":"03","year":"2011_c"}},
{"type":"Feature","geometry":{"type":"Polygon","coordinates":[[[76.3306,31.2233],[76.3062,30.9909],[76.3199,30.8782],[76.531,30.7682],[76.7328,30.9373],[76.6457,31.2095],[76.3918,31.413],[76.2894,31.3071],[76.3306,31.2233]]]},"properties":{"district":"Rupnagar","dt_code":"051","st_nm":"Punjab","st_code":"03","year":"2011_c"}},
{"type":"Feature","geometry":{"type":"Polygon","coordinates":[[[78.3109,31.2837],[77.9669,31.1738],[77.8292,31.0294],[78.0785,30.7407],[78.0127,30.617],[78.5464,30.5331],[78.6,30.672],[79.0327,30.8095],[79.2743,30.7242],[79.4074,31.0734],[79.0725,31.4556],[78.8813,31.2837],[78.4837,31.1985],[78.3109,31.2837]]]},"properties":{"district":"Uttarkashi","dt_code":"056","st_nm":"Uttarakhand","st_code":"05","year":"2011_c"}},
{"type":"Feature","geometry":{"type":"Polygon","coordinates":[[[76.8766,31.3511],[76.6457,31.2095],[76.7328,30.9373],[76.7772,30.9043],[77.0249,30.749],[77.2466,30.9194],[77.031,31.2727],[76.8766,31.3511]]]},"properties":{"district":"Solan","dt_code":"031","st_nm":"Himachal Pradesh","st_code":"02","year":"2011_c"}},
{"type":"Feature","geometry":{"type":"Polygon","coordinates":[[[75.8902,31.2755],[75.7985,31.2164],[75.9529,31.0102],[76.3062,30.9909],[76.3306,31.2233],[76.138,31.1463],[75.8902,31.2755]]]},"properties":{"district":"Shahid Bhagat Singh Nagar","dt_code":"039","st_nm":"Punjab","st_code":"03","year":"2011_c"}},
{"type":"Feature","geometry":{"type":"Polygon","coordinates":[[[74.4482,29.9475],[74.358,30.2403],[74.4161,30.6142],[74.2158,30.6912],[73.8794,30.3599],[73.968,30.1936],[73.8946,29.9736],[74.2984,29.9544],[74.4482,29.9475]]]},"properties":{"district":"Fazilka","dt_code":"701","st_nm":"Punjab","st_code":"03","year":"update2014"}},
{"type":"Feature","geometry":{"type":"Polygon","coordinates":[[[75.147,31.0913],[74.9054,30.7366],[75.0201,30.4905],[75.2969,30.5166],[75.4085,30.584],[75.3596,30.9937],[75.147,31.0913]]]},"properties":{"district":"Moga","dt_code":"042","st_nm":"Punjab","st_code":"03","year":"2011_c"}},
{"type":"Feature","geometry":{"type":"Polygon","coordinates":[[[75.3596,30.9937],[75.4085,30.584],[75.6838,30.5909],[75.8795,30.6761],[76.086,30.562],[76.3031,30.6789],[76.3199,30.8782],[76.3062,30.9909],[75.9529,31.0102],[75.3596,30.9937]]]},"properties":{"district":"Ludhiana","dt_code":"041","st_nm":"Punjab","st_code":"03","year":"2011_c"}},
{"type":"Feature","geometry":{"type":"Polygon","coordinates":[[[79.2743,30.7242],[79.0771,30.2211],[79.23,29.975],[79.4716,29.9791],[79.9869,30.3187],[80.1016,30.7888],[79.4074,31.0734],[79.2743,30.7242]]]},"properties":{"district":"Chamoli","dt_code":"057","st_nm":"Uttarakhand","st_code":"05","year":"2011_c"}},
{"type":"Feature","geometry":{"type":"Polygon","coordinates":[[[77.7039,30.7641],[77.8155,30.5056],[77.5754,30.4012],[77.9592,30.2417],[78.2024,29.9667],[78.3018,30.1125],[78.0127,30.617],[78.0785,30.7407],[77.8292,31.0294],[77.7039,30.7641]]]},"properties":{"district":"Dehradun","dt_code":"060","st_nm":"Uttarakhand","st_code":"05","year":"2011_c"}},
{"type":"Feature","geometry":{"type":"Polygon","coordinates":[[[77.2466,30.9194],[77.0249,30.749],[77.1228,30.5634],[77.2084,30.4878],[77.58,30.3792],[77.5754,30.4012],[77.8155,30.5056],[77.7039,30.7641],[77.2466,30.9194]]]},"properties":{"district":"Sirmaur","dt_code":"032","st_nm":"Himachal Pradesh","st_code":"02","year":"2011_c"}},
{"type":"Feature","geometry":{"type":"Polygon","coordinates":[[[76.531,30.7682],[76.6349,30.6197],[76.7481,30.4286],[76.9071,30.4589],[76.8276,30.6816],[76.7389,30.6926],[76.7099,30.7613],[76.8383,30.7545],[76.7772,30.9043],[76.7328,30.9373],[76.531,30.7682]]]},"properties":{"district":"S.A.S. Nagar","dt_code":"052","st_nm":"Punjab","st_code":"03","year":"2011_c"}},
{"type":"Feature","geometry":{"type":"Polygon","coordinates":[[[74.9054,30.7366],[74.6241,30.8369],[74.5002,30.6665],[74.8213,30.3929],[75.0201,30.4905],[74.9054,30.7366]]]},"properties":{"district":"Faridkot","dt_code":"045","st_nm":"Punjab","st_code":"03","year":"2011_c"}},
{"type":"Feature","geometry":{"type":"Polygon","coordinates":[[[76.3199,30.8782],[76.3031,30.6789],[76.086,30.562],[76.086,30.5373],[76.4346,30.4438],[76.6349,30.6197],[76.531,30.7682],[76.3199,30.8782]]]},"properties":{"district":"Fatehgarh Sahib","dt_code":"040","st_nm":"Punjab","st_code":"03","year":"2011_c"}},
{"type":"Feature","geometry":{"type":"Polygon","coordinates":[[[78.0127,30.617],[78.3018,30.1125],[78.5113,30.0547],[78.6474,30.2073],[78.8997,30.2444],[78.8355,30.3572],[78.9104,30.6912],[79.0327,30.8095],[78.6,30.672],[78.5464,30.5331],[78.0127,30.617]]]},"properties":{"district":"Tehri Garhwal","dt_code":"059","st_nm":"Uttarakhand","st_code":"05","year":"2011_c"}},
{"type":"Feature","geometry":{"type":"Polygon","coordinates":[[[76.8276,30.6816],[76.8383,30.7545],[76.7099,30.7613],[76.7389,30.6926],[76.8276,30.6816]]]},"properties":{"district":"Chandigarh","dt_code":"055","st_nm":"Chandigarh","st_code":"04","year":"2011_c"}},
{"type":"Feature","geometry":{"type":"Polygon","coordinates":[[[74.4482,29.9475],[74.5262,29.9406],[74.7051,29.975],[74.7235,30.309],[74.8213,30.3929],[74.5002,30.6665],[74.4161,30.6142],[74.358,30.2403],[74.4482,29.9475]]]},"properties":{"district":"Sri Muktsar Sahib","dt_code":"044","st_nm":"Punjab","st_code":"03","year":"2011_c"}},
{"type":"Feature","geometry":{"type":"Polygon","coordinates":[[[79.0327,30.8095],[78.9104,30.6912],[78.8355,30.3572],[78.8997,30.2444],[79.0771,30.2211],[79.2743,30.7242],[79.0327,30.8095]]]},"properties":{"district":"Rudraprayag","dt_code":"058","st_nm":"Uttarakhand","st_code":"05","year":"2011_c"}},
{"type":"Feature","geometry":{"type":"Polygon","coordinates":[[[79.9869,30.3187],[80.1154,30.2266],[80.0542,29.9021],[79.8906,29.7124],[80.0756,29.5213],[80.2423,29.4443],[80.3662,29.7399],[80.9289,30.1743],[80.6078,30.4713],[80.2132,30.584],[80.1016,30.7888],[79.9869,30.3187]]]},"properties":{"district":"Pithoragarh","dt_code":"062","st_nm":"Uttarakhand","st_code":"05","year":"2011_c"}},
{"type":"Feature","geometry":{"type":"Polygon","coordinates":[[[75.6838,30.5909],[75.7281,30.2733],[75.5768,30.1441],[75.7205,29.8141],[75.9468,29.7289],[76.0982,29.81],[75.9835,29.9062],[76.1655,30.2403],[75.9881,30.3407],[76.086,30.5373],[76.086,30.562],[75.8795,30.6761],[75.6838,30.5909]]]},"properties":{"district":"Sangrur","dt_code":"053","st_nm":"Punjab","st_code":"03","year":"2011_c"}},
{"type":"Feature","geometry":{"type":"Polygon","coordinates":[[[75.2969,30.5166],[75.3688,30.2004],[75.5768,30.1441],[75.7281,30.2733],[75.6838,30.5909],[75.4085,30.584],[75.2969,30.5166]]]},"properties":{"district":"Barnala","dt_code":"054","st_nm":"Punjab","st_code":"03","year":"2011_c"}},
{"type":"Feature","geometry":{"type":"Polygon","coordinates":[[[75.0201,30.4905],[74.8213,30.3929],[74.7235,30.309],[74.7051,29.975],[75.1914,29.8444],[75.3688,30.2004],[75.2969,30.5166],[75.0201,30.4905]]]},"properties":{"district":"Bathinda","dt_code":"046","st_nm":"Punjab","st_code":"03","year":"2011_c"}},
{"type":"Feature","geometry":{"type":"Polygon","coordinates":[[[76.6349,30.6197],[76.4346,30.4438],[76.086,30.5373],[75.9881,30.3407],[76.1655,30.2403],[75.9835,29.9062],[76.0982,29.81],[76.2144,29.8403],[76.2542,30.0891],[76.4667,30.0987],[76.6426,30.1496],[76.7481,30.4286],[76.6349,30.6197]]]},"properties":{"district":"Patiala","dt_code":"048","st_nm":"Punjab","st_code":"03","year":"2011_c"}},
{"type":"Feature","geometry":{"type":"Polygon","coordinates":[[[77.2084,30.4878],[77.0647,30.1262],[77.1197,29.9915],[77.2267,29.9392],[77.58,30.3792],[77.2084,30.4878]]]},"properties":{"district":"Yamunanagar","dt_code":"071","st_nm":"Haryana","st_code":"06","year":"2011_c"}},
{"type":"Feature","geometry":{"type":"Polygon","coordinates":[[[77.5754,30.4012],[77.58,30.3792],[77.2267,29.9392],[77.1518,29.6877],[77.4867,29.634],[77.8201,29.6739],[77.7161,29.8856],[77.9592,30.2417],[77.5754,30.4012]]]},"properties":{"district":"Saharanpur","dt_code":"132","st_nm":"Uttar Pradesh","st_code":"09","year":"2011_c"}},
{"type":"Feature","geometry":{"type":"Polygon","coordinates":[[[73.968,30.1936],[73.806,30.0671],[73.3977,29.9461],[73.283,29.5722],[72.945,29.0278],[72.6621,28.893],[73.0092,28.7253],[73.3365,29.0126],[73.6179,29.0346],[73.8778,28.9398],[74.0414,29.0099],[73.9788,29.7193],[74.1837,29.7495],[74.2984,29.9544],[73.8946,29.9736],[73.968,30.1936]]]},"properties":{"district":"Ganganagar","dt_code":"099","st_nm":"Rajasthan","st_code":"08","year":"2011_c"}},
{"type":"Feature","geometry":{"type":"Polygon","coordinates":[[[75.5768,30.1441],[75.3688,30.2004],[75.1914,29.8444],[75.303,29.5598],[75.4605,29.8073],[75.7205,29.8141],[75.5768,30.1441]]]},"properties":{"district":"Mansa","dt_code":"047","st_nm":"Punjab","st_code":"03","year":"2011_c"}},
{"type":"Feature","geometry":{"type":"Polygon","coordinates":[[[76.6426,30.1496],[76.4667,30.0987],[76.4652,29.9131],[76.7298,29.8705],[77.1197,29.9915],[77.0647,30.1262],[76.8169,30.2183],[76.6426,30.1496]]]},"properties":{"district":"Kurukshetra","dt_code":"072","st_nm":"Haryana","st_code":"06","year":"2011_c"}},
{"type":"Feature","geometry":{"type":"Polygon","coordinates":[[[79.4716,29.9791],[79.5083,29.8732],[79.8906,29.7124],[80.0542,29.9021],[80.1154,30.2266],[79.9869,30.3187],[79.4716,29.9791]]]},"properties":{"district":"Bageshwar","dt_code":"063","st_nm":"Uttarakhand","st_code":"05","year":"2011_c"}},
{"type":"Feature","geometry":{"type":"Polygon","coordinates":[[[77.9592,30.2417],[77.7161,29.8856],[77.8201,29.6739],[78.0204,29.5818],[78.3354,29.7976],[78.2024,29.9667],[77.9592,30.2417]]]},"properties":{"district":"Haridwar","dt_code":"068","st_nm":"Uttarakhand","st_code":"05","year":"2011_c"}},
{"type":"Feature","geometry":{"type":"Polygon","coordinates":[[[79.0771,30.2211],[78.8997,30.2444],[78.6474,30.2073],[78.5113,30.0547],[78.3018,30.1125],[78.2024,29.9667],[78.3354,29.7976],[78.6168,29.5584],[78.9257,29.4388],[79.0602,29.5887],[79.0847,29.8884],[79.23,29.975],[79.0771,30.2211]]]},"properties":{"district":"Pauri Garhwal","dt_code":"061","st_nm":"Uttarakhand","st_code":"05","year":"2011_c"}},
{"type":"Feature","geometry":{"type":"Polygon","coordinates":[[[76.2144,29.8403],[76.2389,29.5928],[76.5034,29.5158],[76.7298,29.8705],[76.4652,29.9131],[76.4667,30.0987],[76.2542,30.0891],[76.2144,29.8403]]]},"properties":{"district":"Kaithal","dt_code":"073","st_nm":"Haryana","st_code":"06","year":"2011_c"}},
{"type":"Feature","geometry":{"type":"Polygon","coordinates":[[[74.5262,29.9406],[74.6164,29.7523],[74.6027,29.3646],[74.9376,29.3618],[75.2403,29.2601],[75.303,29.5598],[75.1914,29.8444],[74.7051,29.975],[74.5262,29.9406]]]},"properties":{"district":"Sirsa","dt_code":"079","st_nm":"Haryana","st_code":"06","year":"2011_c"}},
{"type":"Feature","geometry":{"type":"Polygon","coordinates":[[[75.4743,28.926],[75.5278,28.9714],[75.3458,29.2835],[75.2403,29.2601],[74.9376,29.3618],[74.6027,29.3646],[74.6164,29.7523],[74.5262,29.9406],[74.4482,29.9475],[74.2984,29.9544],[74.1837,29.7495],[73.9788,29.7193],[74.0414,29.0099],[74.1607,28.7762],[75.4743,28.926]]]},"properties":{"district":"Hanumangarh","dt_code":"100","st_nm":"Rajasthan","st_code":"08","year":"2011_c"}},
{"type":"Feature","geometry":{"type":"Polygon","coordinates":[[[77.1197,29.9915],[76.7298,29.8705],[76.5034,29.5158],[76.7603,29.4622],[77.1319,29.4842],[77.1518,29.6877],[77.2267,29.9392],[77.1197,29.9915]]]},"properties":{"district":"Karnal","dt_code":"074","st_nm":"Haryana","st_code":"06","year":"2011_c"}},
{"type":"Feature","geometry":{"type":"Polygon","coordinates":[[[79.23,29.975],[79.0847,29.8884],[79.0602,29.5887],[79.6215,29.5557],[79.8493,29.4319],[80.0756,29.5213],[79.8906,29.7124],[79.5083,29.8732],[79.4716,29.9791],[79.23,29.975]]]},"properties":{"district":"Almora","dt_code":"064","st_nm":"Uttarakhand","st_code":"05","year":"2011_c"}},
{"type":"Feature","geometry":{"type":"Polygon","coordinates":[[[75.9468,29.7289],[75.9636,29.5626],[76.3016,29.0869],[76.4774,29.0924],[76.6762,29.2807],[76.7603,29.4622],[76.5034,29.5158],[76.2389,29.5928],[76.2144,29.8403],[76.0982,29.81],[75.9468,29.7289]]]},"properties":{"district":"Jind","dt_code":"077","st_nm":"Haryana","st_code":"06","year":"2011_c"}},
{"type":"Feature","geometry":{"type":"Polygon","coordinates":[[[75.7205,29.8141],[75.4605,29.8073],[75.303,29.5598],[75.2403,29.2601],[75.3458,29.2835],[75.9636,29.5626],[75.9468,29.7289],[75.7205,29.8141]]]},"properties":{"district":"Fatehabad","dt_code":"078","st_nm":"Haryana","st_code":"06","year":"2011_c"}},
{"type":"Feature","geometry":{"type":"Polygon","coordinates":[[[78.5327,29.0649],[78.7605,29.2642],[78.8507,29.3481],[78.9257,29.4388],[78.6168,29.5584],[78.3354,29.7976],[78.0204,29.5818],[78.1137,29.256],[78.0724,29.0828],[78.5327,29.0649]]]},"properties":{"district":"Bijnor","dt_code":"134","st_nm":"Uttar Pradesh","st_code":"09","year":"2011_c"}},
{"type":"Feature","geometry":{"type":"Polygon","coordinates":[[[77.4867,29.634],[77.4638,29.4512],[77.2772,29.2684],[77.5051,29.1914],[78.1137,29.256],[78.0204,29.5818],[77.8201,29.6739],[77.4867,29.634]]]},"properties":{"district":"Muzaffarnagar","dt_code":"133","st_nm":"Uttar Pradesh","st_code":"09","year":"2011_c"}},
{"type":"Feature","geometry":{"type":"Polygon","coordinates":[[[75.5278,28.9714],[75.8321,28.9109],[75.9682,29.0635],[76.2282,28.9907],[76.3016,29.0869],[75.9636,29.5626],[75.3458,29.2835],[75.5278,28.9714]]]},"properties":{"district":"Hisar","dt_code":"080","st_nm":"Haryana","st_code":"06","year":"2011_c"}},
{"type":"Feature","geometry":{"type":"Polygon","coordinates":[[[78.9257,29.4388],[78.8507,29.3481],[79.2774,29.2395],[79.4349,29.0841],[79.8967,28.9934],[79.9716,29.0553],[79.8493,29.4319],[79.6215,29.5557],[79.0602,29.5887],[78.9257,29.4388]]]},"properties":{"district":"Nainital","dt_code":"066","st_nm":"Uttarakhand","st_code":"05","year":"2011_c"}},
{"type":"Feature","geometry":{"type":"Polygon","coordinates":[[[76.7603,29.4622],[76.6762,29.2807],[77.1426,29.1666],[77.1549,29.2972],[77.1319,29.4842],[76.7603,29.4622]]]},"properties":{"district":"Panipat","dt_code":"075","st_nm":"Haryana","st_code":"06","year":"2011_c"}},
{"type":"Feature","geometry":{"type":"Polygon","coordinates":[[[80.0756,29.5213],[79.8493,29.4319],[79.9716,29.0553],[80.0741,28.9412],[80.3188,29.3013],[80.2423,29.4443],[80.0756,29.5213]]]},"properties":{"district":"Champawat","dt_code":"065","st_nm":"Uttarakhand","st_code":"05","year":"2011_c"}},
{"type":"Feature","geometry":{"type":"Polygon","coordinates":[[[79.6826,28.8546],[80.0649,28.8367],[80.0741,28.9412],[79.9716,29.0553],[79.8967,28.9934],[79.4349,29.0841],[79.2774,29.2395],[78.8507,29.3481],[78.7605,29.2642],[78.9746,29.1309],[79.4227,28.8972],[79.6826,28.8546]]]},"properties":{"district":"Udham Singh Nagar","dt_code":"067","st_nm":"Uttarakhand","st_code":"05","year":"2011_c"}},
{"type":"Feature","geometry":{"type":"Polygon","coordinates":[[[77.216,28.8532],[77.1426,29.1666],[76.6762,29.2807],[76.4774,29.0924],[76.7359,29.0071],[76.8842,28.8092],[76.9423,28.7982],[77.216,28.8532]]]},"properties":{"district":"Sonipat","dt_code":"076","st_nm":"Haryana","st_code":"06","year":"2011_c"}},
{"type":"Feature","geometry":{"type":"Polygon","coordinates":[[[77.2222,28.8312],[77.4469,28.9274],[77.5051,29.1914],[77.2772,29.2684],[77.1549,29.2972],[77.1426,29.1666],[77.216,28.8532],[77.2222,28.8312]]]},"properties":{"district":"Baghpat","dt_code":"139","st_nm":"Uttar Pradesh","st_code":"09","year":"2011_c"}},
{"type":"Feature","geometry":{"type":"Polygon","coordinates":[[[78.0724,29.0828],[78.1137,29.256],[77.5051,29.1914],[77.4469,28.9274],[77.6901,28.7446],[78.1213,28.8779],[78.0724,29.0828]]]},"properties":{"district":"Meerut","dt_code":"138","st_nm":"Uttar Pradesh","st_code":"09","year":"2011_c"}},
{"type":"Feature","geometry":{"type":"Polygon","coordinates":[[[78.6229,28.8064],[78.8722,28.4682],[78.9394,28.46],[78.8599,28.6593],[79.0006,28.7638],[78.9746,29.1309],[78.7605,29.2642],[78.5327,29.0649],[78.6229,28.8064]]]},"properties":{"district":"Moradabad","dt_code":"135","st_nm":"Uttar Pradesh","st_code":"09","year":"2011_c"}},
{"type":"Feature","geometry":{"type":"Polygon","coordinates":[[[74.1607,28.7762],[74.0414,29.0099],[73.8778,28.9398],[73.6179,29.0346],[73.3365,29.0126],[73.0092,28.7253],[72.6621,28.893],[72.2997,28.669],[72.2064,28.394],[71.9281,28.1218],[71.8807,27.9142],[72.1391,27.8799],[72.2431,27.4839],[72.5535,27.62],[73.1331,27.308],[73.3579,27.2598],[73.5445,27.4949],[73.8748,27.5375],[73.8671,27.7795],[74.2265,27.8166],[74.2938,28.1452],[74.0277,28.3761],[74.1607,28.7762]]]},"properties":{"district":"Bikaner","dt_code":"101","st_nm":"Rajasthan","st_code":"08","year":"2011_c"}},
{"type":"Feature","geometry":{"type":"Polygon","coordinates":[[[79.4227,28.8972],[78.9746,29.1309],[79.0006,28.7638],[78.8599,28.6593],[78.9394,28.46],[78.9715,28.4215],[79.2055,28.5714],[79.4227,28.8972]]]},"properties":{"district":"Rampur","dt_code":"136","st_nm":"Uttar Pradesh","st_code":"09","year":"2011_c"}},
{"type":"Feature","geometry":{"type":"Polygon","coordinates":[[[75.67,28.5191],[75.8933,28.3899],[75.9055,28.4325],[75.8474,28.5865],[76.3261,28.8119],[76.2282,28.9907],[75.9682,29.0635],[75.8321,28.9109],[75.5278,28.9714],[75.4743,28.926],[75.67,28.5191]]]},"properties":{"district":"Bhiwani","dt_code":"081","st_nm":"Haryana","st_code":"06","year":"2011_c"}},
{"type":"Feature","geometry":{"type":"Polygon","coordinates":[[[76.8842,28.8092],[76.7359,29.0071],[76.4774,29.0924],[76.3016,29.0869],[76.2282,28.9907],[76.3261,28.8119],[76.4224,28.702],[76.8842,28.8092]]]},"properties":{"district":"Rohtak","dt_code":"082","st_nm":"Haryana","st_code":"06","year":"2011_c"}},
{"type":"Feature","geometry":{"type":"Polygon","coordinates":[[[77.1518,29.6877],[77.1319,29.4842],[77.1549,29.2972],[77.2772,29.2684],[77.4638,29.4512],[77.4867,29.634],[77.1518,29.6877]]]},"properties":{"district":"Shamli","dt_code":"704","st_nm":"Uttar Pradesh","st_code":"09","year":"update2014"}},
{"type":"Feature","geometry":{"type":"Polygon","coordinates":[[[75.0782,31.1476],[74.9651,31.1531],[74.7082,31.072],[74.3656,30.8933],[74.2158,30.6912],[74.4161,30.6142],[74.5002,30.6665],[74.6241,30.8369],[74.9054,30.7366],[75.147,31.0913],[75.0782,31.1476]]]},"properties":{"district":"Ferozepur","dt_code":"043","st_nm":"Punjab","st_code":"03","year":"2011_c"}},
{"type":"Feature","geometry":{"type":"Polygon","coordinates":[[[75.8367,32.5114],[75.5125,32.3079],[75.3413,32.3464],[75.3795,32.1828],[75.6012,32.0935],[75.6379,32.2516],[75.9315,32.3945],[75.8367,32.5114]]]},"properties":{"district":"Pathankot","dt_code":"773","st_nm":"Punjab","st_code":"03","year":"2011_c"}},
{"type":"Feature","geometry":{"type":"Polygon","coordinates":[[[75.092,33.1864],[74.9804,32.9279],[75.092,32.7162],[75.2847,32.642],[75.6823,32.862],[75.3565,33.0695],[75.092,33.1864]]]},"properties":{"district":"Udhampur","dt_code":"019","st_nm":"Jammu and Kashmir","st_code":"01","year":"2011_c"}},
{"type":"Feature","geometry":{"type":"Polygon","coordinates":[[[74.8886,32.521],[75.2052,32.4179],[75.2847,32.642],[75.092,32.7162],[74.8886,32.521]]]},"properties":{"district":"Samba","dt_code":"022","st_nm":"Jammu and Kashmir","st_code":"01","year":"2011_c"}},
{"type":"Feature","geometry":{"type":"MultiPolygon","coordinates":[[[[75.7878,31.3649],[75.7985,31.2164],[75.8902,31.2755],[75.7878,31.3649]]],[[[75.404,31.5931],[75.2908,31.4913],[74.9651,31.1531],[75.0782,31.1476],[75.4177,31.2494],[75.5982,31.6054],[75.4758,31.6494],[75.404,31.5931]]]]},"properties":{"district":"Kapurthala","dt_code":"036","st_nm":"Punjab","st_code":"03","year":"2011_c"}},
{"type":"Feature","geometry":{"type":"Polygon","coordinates":[[[76.7772,30.9043],[76.8383,30.7545],[76.8276,30.6816],[76.9071,30.4589],[77.1228,30.5634],[77.0249,30.749],[76.7772,30.9043]]]},"properties":{"district":"Panchkula","dt_code":"069","st_nm":"Haryana","st_code":"06","year":"2011_c"}},
{"type":"Feature","geometry":{"type":"Polygon","coordinates":[[[77.1228,30.5634],[76.9071,30.4589],[76.7481,30.4286],[76.6426,30.1496],[76.8169,30.2183],[77.0647,30.1262],[77.2084,30.4878],[77.1228,30.5634]]]},"properties":{"district":"Ambala","dt_code":"070","st_nm":"Haryana","st_code":"06","year":"2011_c"}},
{"type":"Feature","geometry":{"type":"Polygon","coordinates":[[[84.0087,24.6423],[84.3268,24.4897],[84.547,24.5268],[84.7351,24.7647],[84.7335,25.0547],[84.4476,25.1276],[84.0087,24.6423]]]},"properties":{"district":"Aurangabad","dt_code":"235","st_nm":"Bihar","st_code":"10","year":"2011_c"}},
{"type":"Feature","geometry":{"type":"Polygon","coordinates":[[[82.8129,23.9618],[82.6936,23.9192],[83.0652,23.7693],[83.3481,23.4696],[83.2456,23.2318],[83.5545,23.1699],[83.7915,23.2511],[84.0377,23.1713],[84.0744,23.3335],[84.0163,23.6346],[83.7747,23.6099],[83.7059,23.8202],[83.3297,24.102],[83.2074,23.9219],[82.9474,23.8711],[82.8129,23.9618]]]},"properties":{"district":"Balrampur","dt_code":"716","st_nm":"Chhattisgarh","st_code":"22","year":"2011_c"}},
{"type":"Feature","geometry":{"type":"Polygon","coordinates":[[[82.0743,27.4014],[82.4566,27.1512],[82.4933,27.3588],[82.7318,27.4867],[82.6645,27.7231],[82.4489,27.6791],[82.2073,27.8441],[82.0223,27.5802],[82.0743,27.4014]]]},"properties":{"district":"Balrampur","dt_code":"182","st_nm":"Uttar Pradesh","st_code":"09","year":"2011_c"}},
{"type":"Feature","geometry":{"type":"Polygon","coordinates":[[[79.9625,26.149],[79.9166,26.0899],[79.7851,25.8631],[79.3982,25.7888],[79.3936,25.5194],[79.6398,25.485],[79.7866,25.5895],[80.2148,25.5153],[80.3463,25.8988],[80.2362,25.9263],[79.9625,26.149]]]},"properties":{"district":"Hamirpur","dt_code":"168","st_nm":"Uttar Pradesh","st_code":"09","year":"2011_c"}},
{"type":"Feature","geometry":{"type":"Polygon","coordinates":[[[76.3123,31.7223],[76.4622,31.4872],[76.7313,31.5821],[76.6395,31.8721],[76.3123,31.7223]]]},"properties":{"district":"Hamirpur","dt_code":"028","st_nm":"Himachal Pradesh","st_code":"02","year":"2011_c"}},
{"type":"Feature","geometry":{"type":"Polygon","coordinates":[[[74.2708,23.9494],[74.3763,23.9041],[74.5186,23.636],[74.7724,23.5425],[74.9406,23.7652],[74.9085,24.212],[74.6975,24.4828],[74.4299,24.2574],[74.2219,24.0993],[74.2708,23.9494]]]},"properties":{"district":"Pratapgarh","dt_code":"131","st_nm":"Rajasthan","st_code":"08","year":"2011_c"}},
{"type":"Feature","geometry":{"type":"Polygon","coordinates":[[[82.0483,26.0583],[81.7684,26.0679],[81.4458,25.9346],[81.3387,25.8108],[81.6109,25.5978],[82.0223,25.7435],[82.1507,25.6734],[82.4336,26.0061],[82.0483,26.0583]]]},"properties":{"district":"Pratapgarh","dt_code":"173","st_nm":"Uttar Pradesh","st_code":"09","year":"2011_c"}},
{"type":"Feature","geometry":{"type":"Polygon","coordinates":[[[76.7313,31.5821],[76.4622,31.4872],[76.3918,31.413],[76.6457,31.2095],[76.8766,31.3511],[76.7313,31.5821]]]},"properties":{"district":"Bilaspur","dt_code":"030","st_nm":"Himachal Pradesh","st_code":"02","year":"2011_c"}},
{"type":"Feature","geometry":{"type":"Polygon","coordinates":[[[78.5587,25.2128],[78.6397,25.0712],[78.8798,25.1578],[78.9608,25.3448],[78.7315,25.4575],[78.5587,25.2128]]]},"properties":{"district":"Niwari","dt_code":"782","st_nm":"Madhya Pradesh","st_code":"23","year":"2018"}},
{"type":"Feature","geometry":{"type":"Polygon","coordinates":[[[74.147,35.0973],[73.9635,34.8416],[73.7494,34.7866],[73.39,34.3742],[73.4879,34.1446],[73.8946,34.0649],[73.994,34.2573],[73.8931,34.4498],[73.9772,34.6863],[74.3198,34.7866],[74.5675,34.8732],[74.4864,35.1097],[74.147,35.0973]]]},"properties":{"district":"Muzaffarabad","dt_code":"992","st_nm":"Jammu and Kashmir","st_code":"01","year":"2011_c"}},
{"type":"Feature","geometry":{"type":"Polygon","coordinates":[[[73.598,33.7129],[73.5643,33.3418],[73.6882,33.0874],[74.3825,32.7575],[74.4467,32.7891],[74.3335,32.9541],[74.0017,33.218],[74.1668,33.4119],[73.9528,33.6222],[73.598,33.7129]]]},"properties":{"district":"Mirpur","dt_code":"991","st_nm":"Jammu and Kashmir","st_code":"01","year":"2011_c"}},
{"type":"Feature","geometry":{"type":"Polygon","coordinates":[[[93.1227,23.0063],[93.1961,23.0558],[93.3581,23.3308],[93.3903,23.4971],[93.3964,23.9261],[93.2526,24.0209],[93.2068,24.047],[92.9759,24.1158],[93.0095,24.4127],[92.8963,24.3907],[92.7618,24.5131],[92.5324,24.1776],[92.4223,24.2505],[92.2954,24.245],[92.2648,23.7267],[92.4024,23.2662],[92.3718,22.9362],[92.5094,22.741],[92.6058,22.1238],[92.855,22.0633],[93.1609,22.1801],[93.1884,22.4248],[93.0967,22.7864],[93.1227,23.0063]]]},"properties":{"st_nm":"Mizoram","st_code":"15"},"id":"Mizoram"},
{"type":"Feature","geometry":{"type":"Polygon","coordinates":[[[80.0083,12.2544],[80.1383,12.4111],[80.2499,12.8579],[80.3004,13.1425],[80.2683,13.5645],[80.0374,13.5384],[79.9456,13.3638],[79.5343,13.2758],[79.2835,13.1232],[79.2285,13.1576],[79.1627,13.0201],[78.892,13.0957],[78.6214,12.9913],[78.603,12.8442],[78.4119,12.627],[78.2314,12.7603],[77.8659,12.8703],[77.8308,12.8662],[77.6014,12.6682],[77.6152,12.3671],[77.4714,12.2434],[77.7467,12.1554],[77.6763,11.9519],[77.2925,11.809],[76.9087,11.7952],[76.8475,11.5945],[76.4178,11.6715],[76.2343,11.5271],[76.5478,11.3594],[76.4423,11.2013],[76.7068,11.2398],[76.6564,10.9388],[76.9071,10.782],[76.8337,10.3394],[76.8919,10.2596],[77.0509,10.2624],[77.0906,10.3146],[77.2879,10.2321],[77.268,10.1221],[77.1671,9.6121],[77.4026,9.5255],[77.3399,9.4196],[77.2818,9.2987],[77.2038,9.0705],[77.2558,8.8794],[77.1992,8.7708],[77.2696,8.5783],[77.0983,8.2924],[77.4454,8.0944],[77.5892,8.1398],[77.7941,8.1631],[77.9699,8.335],[78.1427,8.5013],[78.1718,8.8835],[78.3843,9.0938],[79.0648,9.2987],[78.8997,9.4691],[79.1168,9.8499],[79.2269,10.1373],[79.4716,10.316],[79.7683,10.272],[79.8722,10.36],[79.8493,10.8274],[79.7239,10.9291],[79.7484,10.9965],[79.8508,10.9855],[79.8126,11.424],[79.808,11.8447],[79.6857,11.8805],[79.8401,11.9561],[80.0083,12.2544]]]},"properties":{"st_nm":"Tamil Nadu","st_code":"33"},"id":"Tamil Nadu"},
{"type":"Feature","geometry":{"type":"Polygon","coordinates":[[[75.6089,21.3896],[75.9866,21.369],[76.3826,21.0762],[76.6625,21.281],[76.7818,21.5587],[77.0616,21.7127],[77.4791,21.7704],[77.5754,21.5271],[77.4882,21.3745],[78.0296,21.4213],[78.3431,21.589],[78.4333,21.4969],[78.8997,21.501],[79.2346,21.7182],[79.5098,21.5958],[79.5389,21.5409],[79.9181,21.5244],[80.2683,21.6178],[80.6613,21.3333],[80.7148,21.6618],[80.8463,21.8351],[80.9075,22.11],[81.0451,22.2406],[81.1935,22.4908],[81.4748,22.4894],[81.7287,22.6695],[81.7317,22.6764],[81.9504,22.983],[82.1232,23.104],[82.1997,23.3143],[81.9856,23.4146],[81.9168,23.5343],[81.6109,23.5123],[81.6966,23.7212],[81.6033,23.8848],[82.2088,23.8532],[82.4979,23.7845],[82.6936,23.9192],[82.8129,23.9618],[82.7441,24.1653],[82.7976,24.5763],[82.5239,24.6767],[82.2975,24.6066],[82.0941,24.8169],[81.5406,25.1881],[81.1201,24.9035],[80.7148,25.0657],[80.4778,24.9764],[80.2637,25.0245],[80.4304,25.1743],[80.1047,25.3503],[79.6734,25.1207],[79.2804,25.3242],[79.3233,25.1496],[78.8798,25.1578],[78.9608,25.3448],[78.7315,25.4575],[78.5587,25.2128],[78.6397,25.0712],[78.9853,24.4416],[78.9914,24.4168],[78.8064,24.179],[78.5862,24.3536],[78.2681,24.4498],[78.1901,24.8416],[78.3736,25.0987],[78.447,25.1221],[78.3905,25.206],[78.4516,25.5716],[78.6581,25.5593],[78.8859,25.9126],[78.9379,25.9524],[79.1352,26.4405],[79.0067,26.6714],[78.7804,26.769],[78.5449,26.7636],[78.2222,26.8323],[77.3751,26.3649],[77.1197,26.2136],[76.8521,26.0322],[76.5463,25.8383],[76.5937,25.408],[76.9454,25.2843],[77.083,25.3366],[77.3674,25.4108],[77.3124,25.0809],[76.8766,25.041],[77.0692,24.5571],[76.8444,24.4361],[76.8811,24.1309],[76.3215,24.245],[76.2129,24.2093],[75.9376,23.8972],[75.6899,23.7473],[75.4621,23.9178],[75.8367,24.0567],[75.7281,24.3962],[75.9208,24.5433],[75.7847,24.7619],[75.5492,24.7028],[75.1838,24.7482],[75.352,25.019],[75.1914,25.0369],[74.9926,24.6932],[74.6975,24.4828],[74.9085,24.212],[74.9406,23.7652],[74.7724,23.5425],[74.5293,23.3212],[74.7342,23.2208],[74.3198,23.06],[74.465,22.8166],[74.3794,22.6352],[74.0583,22.5499],[74.1898,22.3203],[74.147,21.9505],[74.4329,22.0303],[74.5048,21.7265],[74.7755,21.6151],[75.0522,21.567],[75.2113,21.4116],[75.6089,21.3896]]]},"properties":{"st_nm":"Madhya Pradesh","st_code":"23"},"id":"Madhya Pradesh"},
{"type":"Feature","geometry":{"type":"Polygon","coordinates":[[[79.8065,19.5791],[79.9778,19.399],[79.9288,19.1584],[79.9135,18.8257],[80.1184,18.68],[80.2759,18.7199],[80.2714,18.9426],[80.4824,19.3371],[80.8524,19.3646],[80.8953,19.52],[80.672,19.7028],[80.4686,19.8265],[80.5451,20.1001],[80.6261,20.3324],[80.5619,20.8232],[80.464,21.1752],[80.6613,21.3333],[80.2683,21.6178],[79.9181,21.5244],[79.5389,21.5409],[79.5098,21.5958],[79.2346,21.7182],[78.8997,21.501],[78.4333,21.4969],[78.3431,21.589],[78.0296,21.4213],[77.4882,21.3745],[77.5754,21.5271],[77.4791,21.7704],[77.0616,21.7127],[76.7818,21.5587],[76.6625,21.281],[76.3826,21.0762],[75.9866,21.369],[75.6089,21.3896],[75.2113,21.4116],[75.0522,21.567],[74.7755,21.6151],[74.5048,21.7265],[74.4329,22.0303],[74.147,21.9505],[73.939,21.8735],[73.9818,21.5216],[73.8075,21.0088],[73.8488,20.9992],[73.8488,20.9978],[73.8885,20.9332],[73.942,20.8397],[73.7448,20.5648],[73.4741,20.7201],[73.4068,20.6239],[73.416,20.2046],[73.2493,20.1221],[73.2111,20.1207],[72.9618,20.2087],[72.7753,20.1317],[72.6545,19.8362],[72.7982,19.3041],[72.7845,19.2643],[72.8364,18.8642],[72.8946,18.4628],[73.0444,17.9816],[73.2891,17.1155],[73.3472,16.5299],[73.5108,15.9374],[73.6851,15.7284],[74.1179,15.6514],[74.2097,15.7806],[74.3458,15.7641],[74.4803,16.2494],[74.3167,16.3264],[74.3152,16.5546],[74.6959,16.7155],[75.0889,16.9519],[75.3413,16.9561],[75.6654,16.9794],[75.6043,17.3052],[75.6333,17.4771],[75.9315,17.3231],[76.0753,17.3369],[76.3826,17.3149],[76.4285,17.6434],[76.6854,17.6819],[76.7405,17.8991],[76.9194,17.9156],[77.265,18.4229],[77.5509,18.2923],[77.739,18.5563],[77.9485,18.8436],[77.7971,19.0732],[77.8629,19.3041],[78.1932,19.3165],[78.3094,19.4815],[78.3064,19.9118],[78.4317,19.8142],[78.8416,19.7619],[78.9364,19.5502],[79.2529,19.5928],[79.4716,19.5007],[79.8065,19.5791]]]},"properties":{"st_nm":"Maharashtra","st_code":"27"},"id":"Maharashtra"},
{"type":"Feature","geometry":{"type":"Polygon","coordinates":[[[82.0177,20.0493],[82.4459,19.9104],[82.5942,19.7757],[82.7181,19.9888],[82.3985,20.0561],[82.4382,20.4342],[82.3388,20.8741],[82.4596,20.826],[82.6385,21.0886],[82.9658,21.1752],[83.1921,21.1394],[83.2686,21.3773],[83.4872,21.644],[83.5912,21.8254],[83.5377,22.0454],[83.8023,22.2942],[84.0118,22.5279],[84.2931,22.7726],[84.0377,23.1713],[84.0744,23.3335],[84.0163,23.6346],[83.7747,23.6099],[83.7059,23.8202],[83.3297,24.102],[83.2074,23.9219],[82.9474,23.8711],[82.8129,23.9618],[82.6936,23.9192],[82.4979,23.7845],[82.2088,23.8532],[81.6033,23.8848],[81.6966,23.7212],[81.6109,23.5123],[81.9168,23.5343],[81.9856,23.4146],[82.1997,23.3143],[82.1232,23.104],[81.9504,22.983],[81.7317,22.6764],[81.7287,22.6695],[81.4748,22.4894],[81.1935,22.4908],[81.0451,22.2406],[80.9075,22.11],[80.8463,21.8351],[80.7148,21.6618],[80.6613,21.3333],[80.464,21.1752],[80.5619,20.8232],[80.6261,20.3324],[80.5451,20.1001],[80.4686,19.8265],[80.672,19.7028],[80.8953,19.52],[80.8524,19.3646],[80.4824,19.3371],[80.2714,18.9426],[80.2759,18.7199],[80.3723,18.6113],[80.7056,18.4394],[80.7561,18.17],[80.9794,18.1658],[81.0849,17.7974],[81.3968,17.818],[81.5299,18.2401],[81.9106,18.57],[81.8999,18.6607],[82.0911,18.7377],[82.2455,18.9192],[82.2058,19.1213],[82.189,19.4279],[82.0284,19.5076],[82.0651,19.7908],[81.8755,20.052],[82.0177,20.0493]]]},"properties":{"st_nm":"Chhattisgarh","st_code":"22"},"id":"Chhattisgarh"},
{"type":"Feature","geometry":{"type":"Polygon","coordinates":[[[72.7355,21.4749],[72.6208,21.0996],[72.7508,21.0624],[72.8548,20.7504],[72.8869,20.4617],[72.8288,20.3682],[72.7753,20.1317],[72.9618,20.2087],[73.0429,20.3256],[73.2111,20.1207],[73.2493,20.1221],[73.416,20.2046],[73.4068,20.6239],[73.4741,20.7201],[73.7448,20.5648],[73.942,20.8397],[73.8885,20.9332],[73.8488,20.9978],[73.8488,20.9992],[73.8075,21.0088],[73.9818,21.5216],[73.939,21.8735],[74.147,21.9505],[74.1898,22.3203],[74.0583,22.5499],[74.3794,22.6352],[74.465,22.8166],[74.3198,23.06],[73.9818,23.3377],[73.9589,23.3803],[73.627,23.449],[73.6561,23.6209],[73.3686,23.8147],[73.3778,23.9041],[73.4053,24.0415],[73.0674,24.1941],[73.0016,24.4801],[72.9588,24.3605],[72.7279,24.3674],[72.6835,24.4636],[72.5199,24.5007],[72.5,24.4168],[72.3532,24.5639],[72.3349,24.6327],[72.0581,24.7124],[71.9189,24.6725],[71.792,24.6767],[71.6559,24.6396],[71.6085,24.6767],[71.4785,24.6794],[71.3776,24.6258],[71.2874,24.6162],[71.188,24.6506],[71.1115,24.6753],[70.9861,24.366],[70.8057,24.2203],[70.5717,24.2519],[70.5732,24.4223],[70.1099,24.2945],[70.0258,24.1708],[69.7322,24.1708],[69.5946,24.2931],[69.1939,24.2368],[68.7642,24.2959],[68.7535,23.9714],[68.3391,23.9659],[68.2091,23.8752],[68.1418,23.6016],[68.3101,23.5782],[68.6327,23.1699],[69.1312,22.8744],[69.6481,22.796],[70.0809,22.9197],[70.3118,23.2153],[70.6895,23.1177],[70.4968,22.9335],[70.1252,22.5527],[69.7536,22.418],[69.3407,22.3121],[69.0058,22.4399],[68.9661,22.2337],[69.2169,21.9574],[69.3958,21.8887],[69.9815,21.2274],[70.2399,20.9923],[70.8271,20.6899],[70.9204,20.7421],[70.9999,20.7421],[71.2063,20.7957],[71.6773,20.9965],[72.1131,21.1985],[72.3089,21.6247],[72.1942,21.7498],[72.2447,21.9945],[72.3762,22.3148],[72.9465,22.2928],[72.867,22.2145],[72.5673,22.1815],[72.5428,21.7333],[72.7355,21.4749]]]},"properties":{"st_nm":"Gujarat","st_code":"24"},"id":"Gujarat"},
{"type":"Feature","geometry":{"type":"Polygon","coordinates":[[[85.6832,22.0578],[85.3972,22.1636],[85.2382,22.0096],[85.0287,22.1224],[85.0699,22.4908],[84.4292,22.352],[84.1968,22.3781],[84.0118,22.5279],[83.8023,22.2942],[83.5377,22.0454],[83.5912,21.8254],[83.4872,21.644],[83.2686,21.3773],[83.1921,21.1394],[82.9658,21.1752],[82.6385,21.0886],[82.4596,20.826],[82.3388,20.8741],[82.4382,20.4342],[82.3985,20.0561],[82.7181,19.9888],[82.5942,19.7757],[82.4459,19.9104],[82.0177,20.0493],[81.8755,20.052],[82.0651,19.7908],[82.0284,19.5076],[82.189,19.4279],[82.2058,19.1213],[82.2455,18.9192],[82.0911,18.7377],[81.8999,18.6607],[81.9106,18.57],[81.5299,18.2401],[81.3968,17.818],[81.617,17.8235],[81.9795,18.0132],[82.3189,18.0449],[82.4275,18.4862],[82.7731,18.3418],[83.0774,18.4037],[82.9994,18.6085],[83.4123,18.8738],[83.3481,19.0182],[83.6631,19.0993],[83.7564,18.911],[83.7931,19.0182],[83.8909,18.8161],[84.3191,18.7886],[84.4231,18.9494],[84.7014,19.1185],[85.1724,19.4677],[85.6786,19.7454],[86.3698,19.9819],[86.7765,20.3352],[86.8056,20.7353],[86.9768,20.8604],[86.8591,21.2137],[87.1481,21.5092],[87.4845,21.6151],[87.4417,21.7677],[87.2429,21.9643],[87.1007,21.8639],[87.0288,22.0385],[86.7276,22.2159],[86.067,22.5568],[85.963,22.4853],[86.0089,22.1155],[85.8972,21.9835],[85.6832,22.0578]]]},"properties":{"st_nm":"Odisha","st_code":"21","year":"2011_c"},"id":"Odisha"},
{"type":"Feature","geometry":{"type":"Polygon","coordinates":[[[80.2683,13.5645],[80.1307,14.2285],[80.1964,14.586],[80.0405,15.0094],[80.123,15.3682],[80.4182,15.7985],[80.6797,15.8851],[80.831,15.7064],[81.0084,15.7545],[81.2133,16.2082],[81.5528,16.347],[81.7149,16.3113],[82.3144,16.5587],[82.3189,17.0578],[82.5422,17.2489],[83.1615,17.5596],[83.5194,17.95],[83.6631,18.0792],[84.128,18.3129],[84.7641,19.0745],[84.7014,19.1185],[84.4231,18.9494],[84.3191,18.7886],[83.8909,18.8161],[83.7931,19.0182],[83.7564,18.911],[83.6631,19.0993],[83.3481,19.0182],[83.4123,18.8738],[82.9994,18.6085],[83.0774,18.4037],[82.7731,18.3418],[82.4275,18.4862],[82.3189,18.0449],[81.9795,18.0132],[81.617,17.8235],[81.3968,17.818],[81.0849,17.7974],[80.9106,17.6379],[81.3097,17.4097],[81.1736,17.231],[80.9411,17.2186],[80.8769,17.0702],[80.5053,17.0688],[80.5695,16.7677],[80.0557,16.9712],[80.0726,16.8172],[79.9487,16.6357],[79.6796,16.6935],[79.2575,16.5656],[79.2101,16.3567],[79.2147,16.2261],[78.9226,16.123],[78.2559,16.0088],[78.2482,15.9717],[78.0831,15.8411],[77.5142,15.9277],[77.2482,15.9649],[77.0264,15.837],[77.0631,15.3283],[77.1564,15.14],[76.7603,14.9888],[76.7649,14.6025],[77.005,14.2354],[77.1381,14.3371],[77.3644,14.2753],[77.3216,14.0306],[77.028,14.0622],[77.0035,14.1983],[76.9484,14.0952],[77.0417,13.933],[77.4332,13.8436],[77.4561,13.6828],[77.9699,13.9591],[78.1259,13.7872],[78.1963,13.5687],[78.3645,13.3624],[78.5862,13.2758],[78.4669,12.9748],[78.2314,12.7603],[78.4119,12.627],[78.603,12.8442],[78.6214,12.9913],[78.892,13.0957],[79.1627,13.0201],[79.2285,13.1576],[79.2835,13.1232],[79.5343,13.2758],[79.9456,13.3638],[80.0374,13.5384],[80.2683,13.5645]],[[82.1859,16.7375],[82.27,16.7223],[82.2669,16.6948],[82.2394,16.7168],[82.1997,16.721],[82.1859,16.7375]]]},"properties":{"st_nm":"Andhra Pradesh","st_code":"37","year":"2011_c"},"id":"Andhra Pradesh"},
{"type":"Feature","geometry":{"type":"Polygon","coordinates":[[[77.2879,16.4089],[77.4164,16.5175],[77.4592,16.8846],[77.4668,16.9547],[77.3797,17.2228],[77.6855,17.5115],[77.4439,17.5843],[77.6564,17.9692],[77.6014,18.2758],[77.5509,18.2923],[77.265,18.4229],[76.9194,17.9156],[76.7405,17.8991],[76.6854,17.6819],[76.4285,17.6434],[76.3826,17.3149],[76.0753,17.3369],[75.9315,17.3231],[75.6333,17.4771],[75.6043,17.3052],[75.6654,16.9794],[75.3413,16.9561],[75.0889,16.9519],[74.6959,16.7155],[74.3152,16.5546],[74.3167,16.3264],[74.4803,16.2494],[74.3458,15.7641],[74.2097,15.7806],[74.1179,15.6514],[74.2785,15.5222],[74.2509,15.4919],[74.3228,15.3682],[74.2968,15.041],[74.0858,14.9008],[74.2632,14.7193],[74.5155,13.9866],[74.5828,13.9261],[74.777,13.071],[74.8687,12.7589],[75.4162,12.4991],[75.4147,12.2901],[75.9361,11.9409],[76.1135,11.9794],[76.4132,11.7581],[76.4178,11.6715],[76.8475,11.5945],[76.9087,11.7952],[77.2925,11.809],[77.6763,11.9519],[77.7467,12.1554],[77.4714,12.2434],[77.6152,12.3671],[77.6014,12.6682],[77.8308,12.8662],[77.8659,12.8703],[78.2314,12.7603],[78.4669,12.9748],[78.5862,13.2758],[78.3645,13.3624],[78.1963,13.5687],[78.1259,13.7872],[77.9699,13.9591],[77.4561,13.6828],[77.4332,13.8436],[77.0417,13.933],[76.9484,14.0952],[77.0035,14.1983],[77.028,14.0622],[77.3216,14.0306],[77.3644,14.2753],[77.1381,14.3371],[77.005,14.2354],[76.7649,14.6025],[76.7603,14.9888],[77.1564,15.14],[77.0631,15.3283],[77.0264,15.837],[77.2482,15.9649],[77.5142,15.9277],[77.5005,16.2219],[77.5938,16.3429],[77.2879,16.4089]]]},"properties":{"st_nm":"Karnataka","st_code":"29","year":"2011_c"},"id":"Karnataka"},
{"type":"Feature","geometry":{"type":"Polygon","coordinates":[[[73.9344,15.4328],[73.8839,15.3545],[74.0858,14.9008],[74.2968,15.041],[74.3228,15.3682],[74.2509,15.4919],[74.2785,15.5222],[74.1179,15.6514],[73.6851,15.7284],[73.7662,15.4947],[73.9344,15.4328]]]},"properties":{"st_nm":"Goa","st_code":"30","year":"2011_c"},"id":"Goa"},
{"type":"Feature","geometry":{"type":"Polygon","coordinates":[[[76.4178,11.6715],[76.4132,11.7581],[76.1135,11.9794],[75.9361,11.9409],[75.4147,12.2901],[75.4162,12.4991],[74.8687,12.7589],[75.1654,12.0894],[75.5538,11.7017],[75.826,11.123],[75.9575,10.6858],[76.2144,10.1936],[76.2802,9.7895],[76.3199,9.4829],[76.479,9.1227],[76.6824,8.7763],[77.0983,8.2924],[77.2696,8.5783],[77.1992,8.7708],[77.2558,8.8794],[77.2038,9.0705],[77.2818,9.2987],[77.3399,9.4196],[77.4026,9.5255],[77.1671,9.6121],[77.268,10.1221],[77.2879,10.2321],[77.0906,10.3146],[77.0509,10.2624],[76.8919,10.2596],[76.8337,10.3394],[76.9071,10.782],[76.6564,10.9388],[76.7068,11.2398],[76.4423,11.2013],[76.5478,11.3594],[76.2343,11.5271],[76.4178,11.6715]],[[75.5553,11.7224],[75.537,11.7196],[75.5416,11.7389],[75.5553,11.7224]]]},"properties":{"st_nm":"Kerala","st_code":"32","year":"2011_c"},"id":"Kerala"},
{"type":"Feature","geometry":{"type":"Polygon","coordinates":[[[79.8065,19.5791],[79.4716,19.5007],[79.2529,19.5928],[78.9364,19.5502],[78.8416,19.7619],[78.4317,19.8142],[78.3064,19.9118],[78.3094,19.4815],[78.1932,19.3165],[77.8629,19.3041],[77.7971,19.0732],[77.9485,18.8436],[77.739,18.5563],[77.5509,18.2923],[77.6014,18.2758],[77.6564,17.9692],[77.4439,17.5843],[77.6855,17.5115],[77.3797,17.2228],[77.4668,16.9547],[77.4592,16.8846],[77.4164,16.5175],[77.2879,16.4089],[77.5938,16.3429],[77.5005,16.2219],[77.5142,15.9277],[78.0831,15.8411],[78.2482,15.9717],[78.2559,16.0088],[78.9226,16.123],[79.2147,16.2261],[79.2101,16.3567],[79.2575,16.5656],[79.6796,16.6935],[79.9487,16.6357],[80.0726,16.8172],[80.0557,16.9712],[80.5695,16.7677],[80.5053,17.0688],[80.8769,17.0702],[80.9411,17.2186],[81.1736,17.231],[81.3097,17.4097],[80.9106,17.6379],[81.0849,17.7974],[80.9794,18.1658],[80.7561,18.17],[80.7056,18.4394],[80.3723,18.6113],[80.2759,18.7199],[80.1184,18.68],[79.9135,18.8257],[79.9288,19.1584],[79.9778,19.399],[79.8065,19.5791]]]},"properties":{"st_nm":"Telangana","st_code":"36"},"id":"Telangana"},
{"type":"Feature","geometry":{"type":"Polygon","coordinates":[[[87.9983,22.2447],[88.0824,22.2612],[88.1834,22.187],[88.2078,22.0261],[88.1451,21.9547],[88.2675,21.7278],[88.4449,21.9175],[89.0688,21.9492],[89.055,22.1279],[88.8577,22.9679],[88.9419,23.2057],[88.7094,23.2318],[88.7629,23.4463],[88.5932,23.6167],[88.7002,24.0965],[88.7415,24.2546],[88.1329,24.5103],[88.0274,24.6904],[88.3944,24.9695],[88.4357,25.2005],[88.9097,25.1798],[88.8119,25.5235],[88.4464,25.595],[88.0932,25.9304],[88.1788,26.149],[88.3516,26.2219],[88.3332,26.4968],[88.4005,26.6439],[88.7599,26.3291],[89.3486,26.0102],[89.5413,26.0061],[89.7294,26.171],[89.8425,26.3827],[89.8349,26.4144],[89.8517,26.6976],[89.3746,26.8543],[89.0902,26.8405],[88.8685,26.9656],[88.7216,27.1389],[88.532,27.176],[88.425,27.0715],[88.2812,27.132],[88.0381,27.22],[87.9922,27.1086],[88.1864,26.7718],[88.11,26.5477],[88.24,26.4584],[88.2797,26.3305],[87.85,26.0391],[87.8271,25.8906],[88.0672,25.4837],[87.7674,25.4163],[87.7109,25.2582],[87.954,24.9736],[87.8913,24.8554],[87.8393,24.7454],[87.8898,24.5653],[87.639,24.2546],[87.4402,23.9824],[87.2337,24.025],[87.0854,23.812],[86.801,23.8339],[86.801,23.6992],[86.486,23.636],[86.3101,23.4119],[85.885,23.4834],[85.859,23.4298],[85.885,23.1672],[86.2413,22.9967],[86.4355,22.9266],[86.5594,22.7135],[86.8453,22.4001],[86.7276,22.2159],[87.0288,22.0385],[87.1007,21.8639],[87.2429,21.9643],[87.4417,21.7677],[87.4845,21.6151],[87.7888,21.699],[87.9555,21.8309],[88.1864,22.1045],[87.9983,22.2447]]]},"properties":{"st_nm":"West Bengal","st_code":"19"},"id":"West Bengal"},
{"type":"Feature","geometry":{"type":"MultiPolygon","coordinates":[[[[72.9618,20.2087],[73.2111,20.1207],[73.0429,20.3256],[72.9618,20.2087]]],[[[72.8869,20.4617],[72.8364,20.4534],[72.8288,20.3682],[72.8869,20.4617]]],[[[70.9204,20.7421],[70.977,20.7023],[70.9999,20.7421],[70.9204,20.7421]]]]},"properties":{"st_nm":"Dadra and Nagar Haveli and Daman and Diu","st_code":"26","year":"2011_c"},"id":"Dadra and Nagar Haveli and Daman and Diu"},
{"type":"Feature","geometry":{"type":"MultiPolygon","coordinates":[[[[79.6857,11.8805],[79.808,11.8447],[79.8401,11.9561],[79.6857,11.8805]]],[[[79.7239,10.9291],[79.8493,10.8274],[79.8508,10.9855],[79.7484,10.9965],[79.7239,10.9291]]],[[[75.5553,11.7224],[75.5416,11.7389],[75.537,11.7196],[75.5553,11.7224]]],[[[82.1859,16.7375],[82.1997,16.721],[82.2394,16.7168],[82.2669,16.6948],[82.27,16.7223],[82.1859,16.7375]]]]},"properties":{"st_nm":"Puducherry","st_code":"34","year":"2011_c"},"id":"Puducherry"},
{"type":"Feature","geometry":{"type":"Polygon","coordinates":[[[73.0536,8.2731],[73.0184,8.2759],[73.0429,8.2635],[73.0536,8.2731]]]},"properties":{"district":"Lakshadweep","dt_code":"587","st_nm":"Lakshadweep","st_code":"31","year":"2011_c"},"id":"Lakshadweep"},
{"type":"Feature","geometry":{"type":"Polygon","coordinates":[[[94.213,27.6063],[94.4622,27.5554],[95.1366,27.8152],[95.5143,27.8799],[95.5189,27.884],[95.97,27.9596],[95.7743,27.7328],[95.8737,27.5444],[95.8568,27.2708],[95.6336,27.231],[95.4837,27.242],[95.3767,27.0962],[95.369,27.11],[95.1962,27.0344],[95.2345,26.6824],[95.496,26.8172],[95.684,26.9038],[96.022,27.1801],[96.6061,27.3657],[96.86,27.1897],[97.1643,27.1416],[96.8615,27.631],[97.253,27.9005],[97.3707,28.218],[96.6627,28.46],[96.3141,28.383],[96.3263,28.5109],[96.5847,28.7171],[96.519,28.9673],[96.1504,29.0498],[96.2437,29.2326],[96.0893,29.4594],[95.2696,29.0498],[94.8736,29.1831],[94.6794,29.3275],[94.187,29.0388],[93.9622,28.713],[93.3398,28.6401],[93.2236,28.3418],[92.8015,28.2015],[92.7342,27.9761],[92.4682,27.8152],[92.2571,27.862],[91.881,27.7218],[91.6302,27.8015],[91.6546,27.4825],[92.014,27.4894],[92.0339,27.0646],[92.1134,26.8928],[92.3596,26.9258],[92.6562,27.0083],[93.0615,26.9216],[93.3979,26.9574],[93.6976,26.9945],[94.2191,27.5045],[94.2665,27.5197],[94.213,27.6063]]]},"properties":{"st_nm":"Arunachal Pradesh","st_code":"12"},"id":"Arunachal Pradesh"},
{"type":"Feature","geometry":{"type":"Polygon","coordinates":[[[95.369,27.11],[95.3767,27.0962],[95.4837,27.242],[95.6336,27.231],[95.8568,27.2708],[95.8737,27.5444],[95.7743,27.7328],[95.97,27.9596],[95.5189,27.884],[95.5143,27.8799],[95.1366,27.8152],[94.4622,27.5554],[94.213,27.6063],[94.2665,27.5197],[94.2191,27.5045],[93.6976,26.9945],[93.3979,26.9574],[93.0615,26.9216],[92.6562,27.0083],[92.3596,26.9258],[92.1134,26.8928],[91.7036,26.813],[90.9512,26.7773],[90.3365,26.8625],[89.8517,26.6976],[89.8349,26.4144],[89.8425,26.3827],[89.7294,26.171],[89.8425,25.8823],[89.8716,25.4768],[90.0199,25.6074],[89.8991,25.727],[90.1224,25.9593],[90.4343,25.9909],[91.0261,25.8865],[91.0078,25.8246],[91.335,25.8411],[91.7234,26.0349],[92.173,26.0762],[92.274,26.0652],[92.1639,25.9703],[92.1516,25.672],[92.4437,25.7201],[92.6608,25.5716],[92.5691,25.4658],[92.7923,25.2829],[92.54,25.0987],[92.4253,25.03],[92.5156,24.8801],[92.2954,24.7372],[92.2143,24.509],[92.2954,24.245],[92.4223,24.2505],[92.5324,24.1776],[92.7618,24.5131],[92.8963,24.3907],[93.0095,24.4127],[93.0875,24.5722],[93.1746,24.7977],[93.2465,24.9722],[93.4698,25.3063],[93.3291,25.5428],[93.5126,25.6747],[93.7756,25.9689],[93.9545,25.9689],[94.164,26.3511],[94.3139,26.4611],[94.5861,26.7251],[94.7359,26.7498],[94.791,26.7965],[94.924,26.9491],[95.1962,27.0344],[95.369,27.11]]]},"properties":{"st_nm":"Assam","st_code":"18"},"id":"Assam"},
{"type":"Feature","geometry":{"type":"Polygon","coordinates":[[[95.0143,25.8906],[95.1228,26.3484],[95.2345,26.6824],[95.1962,27.0344],[94.924,26.9491],[94.791,26.7965],[94.7359,26.7498],[94.5861,26.7251],[94.3139,26.4611],[94.164,26.3511],[93.9545,25.9689],[93.7756,25.9689],[93.5126,25.6747],[93.3291,25.5428],[93.4698,25.3063],[93.6059,25.1991],[93.8047,25.463],[93.9362,25.5593],[94.19,25.5483],[94.4882,25.6046],[94.6748,25.4452],[94.8827,25.5868],[95.0143,25.8906]]]},"properties":{"st_nm":"Nagaland","st_code":"13","year":"2011_c"},"id":"Nagaland"},
{"type":"Feature","geometry":{"type":"Polygon","coordinates":[[[92.199,25.1248],[92.4253,25.03],[92.54,25.0987],[92.7923,25.2829],[92.5691,25.4658],[92.6608,25.5716],[92.4437,25.7201],[92.1516,25.672],[92.1639,25.9703],[92.274,26.0652],[92.173,26.0762],[91.7234,26.0349],[91.335,25.8411],[91.0078,25.8246],[91.0261,25.8865],[90.4343,25.9909],[90.1224,25.9593],[89.8991,25.727],[90.0199,25.6074],[89.8716,25.4768],[89.9741,25.2994],[90.234,25.2032],[90.9696,25.173],[91.3549,25.2334],[91.6026,25.1743],[92.017,25.1895],[92.199,25.1248]]]},"properties":{"st_nm":"Meghalaya","st_code":"17"},"id":"Meghalaya"},
{"type":"Feature","geometry":{"type":"Polygon","coordinates":[[[94.6534,25.1152],[94.6748,25.4452],[94.4882,25.6046],[94.19,25.5483],[93.9362,25.5593],[93.8047,25.463],[93.6059,25.1991],[93.4698,25.3063],[93.2465,24.9722],[93.1746,24.7977],[93.0875,24.5722],[93.0095,24.4127],[92.9759,24.1158],[93.2068,24.047],[93.2526,24.0209],[93.378,24.0883],[93.5049,23.9426],[93.7404,24.0058],[94.1564,23.8477],[94.2527,24.1144],[94.3751,24.4938],[94.6289,24.7564],[94.7436,25.0369],[94.6534,25.1152]]]},"properties":{"st_nm":"Manipur","st_code":"14"},"id":"Manipur"},
{"type":"Feature","geometry":{"type":"Polygon","coordinates":[[[91.7586,23.2662],[91.8045,23.515],[91.9742,23.4806],[92.1761,23.7075],[92.2648,23.7267],[92.2954,24.245],[92.2143,24.509],[92.0706,24.377],[91.9238,24.1089],[91.7556,24.1419],[91.4696,24.0622],[91.2999,23.9975],[91.2265,23.7322],[91.1607,23.5947],[91.3197,23.2772],[91.4543,23.2607],[91.543,22.9995],[91.806,23.0627],[91.7586,23.2662]]]},"properties":{"st_nm":"Tripura","st_code":"16"},"id":"Tripura"},
{"type":"Feature","geometry":{"type":"MultiPolygon","coordinates":[[[[92.7556,12.1774],[92.6226,12.1018],[92.5507,11.7196],[92.7511,11.6096],[92.7556,12.1774]]],[[[92.8734,12.3314],[92.9743,12.5431],[92.9116,13.0545],[93.034,13.082],[93.0431,13.5288],[92.8413,13.3913],[92.7939,12.862],[92.6991,12.3286],[92.8734,12.3314]]],[[[93.8368,7.2407],[93.6456,7.1266],[93.8001,6.7664],[93.9148,6.9492],[93.8368,7.2407]]]]},"properties":{"st_nm":"Andaman and Nicobar Islands","st_code":"35","year":"2011_c"},"id":"Andaman and Nicobar Islands"},
{"type":"Feature","geometry":{"type":"Polygon","coordinates":[[[78.7605,29.2642],[78.8507,29.3481],[78.9257,29.4388],[78.6168,29.5584],[78.3354,29.7976],[78.0204,29.5818],[77.8201,29.6739],[77.7161,29.8856],[77.9592,30.2417],[77.5754,30.4012],[77.58,30.3792],[77.2267,29.9392],[77.1518,29.6877],[77.1319,29.4842],[77.1549,29.2972],[77.1426,29.1666],[77.216,28.8532],[77.2222,28.8312],[77.3414,28.6098],[77.3476,28.5205],[77.5005,28.2057],[77.476,28.0847],[77.5295,27.9266],[77.3445,27.8496],[77.2833,27.7987],[77.3399,27.5265],[77.6457,27.242],[77.661,26.9711],[77.4546,26.7429],[77.7604,26.9326],[78.2222,26.8323],[78.5449,26.7636],[78.7804,26.769],[79.0067,26.6714],[79.1352,26.4405],[78.9379,25.9524],[78.8859,25.9126],[78.6581,25.5593],[78.4516,25.5716],[78.3905,25.206],[78.447,25.1221],[78.3736,25.0987],[78.1901,24.8416],[78.2681,24.4498],[78.5862,24.3536],[78.8064,24.179],[78.9914,24.4168],[78.9853,24.4416],[78.6397,25.0712],[78.5587,25.2128],[78.7315,25.4575],[78.9608,25.3448],[78.8798,25.1578],[79.3233,25.1496],[79.2804,25.3242],[79.6734,25.1207],[80.1047,25.3503],[80.4304,25.1743],[80.2637,25.0245],[80.4778,24.9764],[80.7148,25.0657],[81.1201,24.9035],[81.5406,25.1881],[82.0941,24.8169],[82.2975,24.6066],[82.5239,24.6767],[82.7976,24.5763],[82.7441,24.1653],[82.8129,23.9618],[82.9474,23.8711],[83.2074,23.9219],[83.3297,24.102],[83.5025,24.5255],[83.5239,24.5502],[83.3955,24.7812],[83.3496,25.184],[83.5377,25.3091],[83.7793,25.3984],[83.9307,25.5579],[84.3191,25.6679],[84.6005,25.7325],[84.472,25.8823],[84.0561,26.0995],[84.157,26.3759],[84.0515,26.5518],[84.4185,26.6316],[84.0607,26.8873],[83.9078,27.275],[83.8619,27.3354],[83.3955,27.4798],[83.2915,27.3354],[83.189,27.4537],[82.7318,27.4867],[82.6645,27.7231],[82.4489,27.6791],[82.2073,27.8441],[81.8847,27.8565],[81.7424,27.9527],[81.0528,28.405],[80.5527,28.691],[80.3142,28.6291],[80.0649,28.8367],[79.6826,28.8546],[79.4227,28.8972],[78.9746,29.1309],[78.7605,29.2642]]]},"properties":{"st_nm":"Uttar Pradesh","st_code":"09"},"id":"Uttar Pradesh"},
{"type":"Feature","geometry":{"type":"Polygon","coordinates":[[[75.9331,27.928],[76.0554,28.2208],[75.8933,28.3899],[75.67,28.5191],[75.4743,28.926],[75.5278,28.9714],[75.3458,29.2835],[75.2403,29.2601],[74.9376,29.3618],[74.6027,29.3646],[74.6164,29.7523],[74.5262,29.9406],[74.4482,29.9475],[74.2984,29.9544],[73.8946,29.9736],[73.968,30.1936],[73.806,30.0671],[73.3977,29.9461],[73.283,29.5722],[72.945,29.0278],[72.6621,28.893],[72.2997,28.669],[72.2064,28.394],[71.9281,28.1218],[71.8807,27.9142],[71.2048,27.8359],[70.7583,27.7218],[70.6772,27.9211],[70.3714,28.0118],[70.1328,27.8056],[70.0258,27.5623],[69.5869,27.1842],[69.5105,26.7429],[69.8866,26.5793],[70.1741,26.5518],[70.1405,26.1559],[70.0992,25.9387],[70.2689,25.7132],[70.6742,25.6761],[70.665,25.397],[70.8883,25.1482],[71.1115,24.6753],[71.188,24.6506],[71.2874,24.6162],[71.3776,24.6258],[71.4785,24.6794],[71.6085,24.6767],[71.6559,24.6396],[71.792,24.6767],[71.9189,24.6725],[72.0581,24.7124],[72.3349,24.6327],[72.3532,24.5639],[72.5,24.4168],[72.5199,24.5007],[72.6835,24.4636],[72.7279,24.3674],[72.9588,24.3605],[73.0016,24.4801],[73.0674,24.1941],[73.4053,24.0415],[73.3778,23.9041],[73.3686,23.8147],[73.6561,23.6209],[73.627,23.449],[73.9589,23.3803],[73.9818,23.3377],[74.3198,23.06],[74.7342,23.2208],[74.5293,23.3212],[74.7724,23.5425],[74.9406,23.7652],[74.9085,24.212],[74.6975,24.4828],[74.9926,24.6932],[75.1914,25.0369],[75.352,25.019],[75.1838,24.7482],[75.5492,24.7028],[75.7847,24.7619],[75.9208,24.5433],[75.7281,24.3962],[75.8367,24.0567],[75.4621,23.9178],[75.6899,23.7473],[75.9376,23.8972],[76.2129,24.2093],[76.3215,24.245],[76.8811,24.1309],[76.8444,24.4361],[77.0692,24.5571],[76.8766,25.041],[77.3124,25.0809],[77.3674,25.4108],[77.083,25.3366],[76.9454,25.2843],[76.5937,25.408],[76.5463,25.8383],[76.8521,26.0322],[77.1197,26.2136],[77.3751,26.3649],[78.2222,26.8323],[77.7604,26.9326],[77.4546,26.7429],[77.661,26.9711],[77.6457,27.242],[77.3399,27.5265],[77.2833,27.7987],[77.0448,27.8207],[76.9775,27.6544],[76.9698,28.1383],[76.8536,28.2208],[76.5432,28.0338],[76.3123,28.1782],[76.1594,27.9981],[76.2251,27.8331],[76.0768,27.8414],[75.9331,27.928]]]},"properties":{"st_nm":"Rajasthan","st_code":"08","year":"2011_c"},"id":"Rajasthan"},
{"type":"Feature","geometry":{"type":"Polygon","coordinates":[[[77.3414,28.6098],[77.2222,28.8312],[77.216,28.8532],[76.9423,28.7982],[76.8842,28.5026],[77.1748,28.405],[77.3476,28.5205],[77.3414,28.6098]]]},"properties":{"st_nm":"Delhi","st_code":"07"},"id":"Delhi"},
{"type":"Feature","geometry":{"type":"Polygon","coordinates":[[[77.216,28.8532],[77.1426,29.1666],[77.1549,29.2972],[77.1319,29.4842],[77.1518,29.6877],[77.2267,29.9392],[77.58,30.3792],[77.2084,30.4878],[77.1228,30.5634],[77.0249,30.749],[76.7772,30.9043],[76.8383,30.7545],[76.8276,30.6816],[76.9071,30.4589],[76.7481,30.4286],[76.6426,30.1496],[76.4667,30.0987],[76.2542,30.0891],[76.2144,29.8403],[76.0982,29.81],[75.9468,29.7289],[75.7205,29.8141],[75.4605,29.8073],[75.303,29.5598],[75.1914,29.8444],[74.7051,29.975],[74.5262,29.9406],[74.6164,29.7523],[74.6027,29.3646],[74.9376,29.3618],[75.2403,29.2601],[75.3458,29.2835],[75.5278,28.9714],[75.4743,28.926],[75.67,28.5191],[75.8933,28.3899],[76.0554,28.2208],[75.9331,27.928],[76.0768,27.8414],[76.2251,27.8331],[76.1594,27.9981],[76.3123,28.1782],[76.5432,28.0338],[76.8536,28.2208],[76.9698,28.1383],[76.9775,27.6544],[77.0448,27.8207],[77.2833,27.7987],[77.3445,27.8496],[77.5295,27.9266],[77.476,28.0847],[77.5005,28.2057],[77.3476,28.5205],[77.1748,28.405],[76.8842,28.5026],[76.9423,28.7982],[77.216,28.8532]]]},"properties":{"st_nm":"Haryana","st_code":"06"},"id":"Haryana"},
{"type":"Feature","geometry":{"type":"Polygon","coordinates":[[[88.2812,27.132],[88.425,27.0715],[88.532,27.176],[88.7216,27.1389],[88.7935,27.4166],[88.844,27.9926],[88.6192,28.0984],[88.2048,27.9417],[88.1146,27.6186],[88.0381,27.22],[88.2812,27.132]]]},"properties":{"st_nm":"Sikkim","st_code":"11","year":"2011_c"},"id":"Sikkim"},
{"type":"Feature","geometry":{"type":"Polygon","coordinates":[[[84.4185,26.6316],[84.0515,26.5518],[84.157,26.3759],[84.0561,26.0995],[84.472,25.8823],[84.6005,25.7325],[84.3191,25.6679],[83.9307,25.5579],[83.7793,25.3984],[83.5377,25.3091],[83.3496,25.184],[83.3955,24.7812],[83.5239,24.5502],[83.5025,24.5255],[83.8726,24.5323],[84.0087,24.6423],[84.3268,24.4897],[84.4965,24.2876],[84.8023,24.5309],[85.0883,24.3701],[85.3314,24.5103],[85.3743,24.5543],[85.677,24.5914],[85.9018,24.766],[86.0547,24.7798],[86.1327,24.6038],[86.4523,24.3729],[86.6114,24.6079],[86.9126,24.5474],[87.0518,24.6272],[87.1756,25.0575],[87.4784,25.195],[87.5518,25.3311],[87.7109,25.2582],[87.7674,25.4163],[88.0672,25.4837],[87.8271,25.8906],[87.85,26.0391],[88.2797,26.3305],[88.24,26.4584],[88.11,26.5477],[88.0335,26.3924],[87.6589,26.38],[87.1619,26.4047],[87.0426,26.5601],[86.723,26.4254],[86.5426,26.5381],[86.0287,26.6659],[85.8162,26.6],[85.729,26.8089],[85.255,26.7539],[85.1923,26.8694],[84.758,27.0028],[84.6204,27.3396],[84.2794,27.3946],[84.0974,27.5169],[83.8619,27.3354],[83.9078,27.275],[84.0607,26.8873],[84.4185,26.6316]]]},"properties":{"st_nm":"Bihar","st_code":"10","year":"2011_c"},"id":"Bihar"},
{"type":"Feature","geometry":{"type":"Polygon","coordinates":[[[87.639,24.2546],[87.8898,24.5653],[87.8393,24.7454],[87.8913,24.8554],[87.954,24.9736],[87.7109,25.2582],[87.5518,25.3311],[87.4784,25.195],[87.1756,25.0575],[87.0518,24.6272],[86.9126,24.5474],[86.6114,24.6079],[86.4523,24.3729],[86.1327,24.6038],[86.0547,24.7798],[85.9018,24.766],[85.677,24.5914],[85.3743,24.5543],[85.3314,24.5103],[85.0883,24.3701],[84.8023,24.5309],[84.4965,24.2876],[84.3268,24.4897],[84.0087,24.6423],[83.8726,24.5323],[83.5025,24.5255],[83.3297,24.102],[83.7059,23.8202],[83.7747,23.6099],[84.0163,23.6346],[84.0744,23.3335],[84.0377,23.1713],[84.2931,22.7726],[84.0118,22.5279],[84.1968,22.3781],[84.4292,22.352],[85.0699,22.4908],[85.0287,22.1224],[85.2382,22.0096],[85.3972,22.1636],[85.6832,22.0578],[85.8972,21.9835],[86.0089,22.1155],[85.963,22.4853],[86.067,22.5568],[86.7276,22.2159],[86.8453,22.4001],[86.5594,22.7135],[86.4355,22.9266],[86.2413,22.9967],[85.885,23.1672],[85.859,23.4298],[85.885,23.4834],[86.3101,23.4119],[86.486,23.636],[86.801,23.6992],[86.801,23.8339],[87.0854,23.812],[87.2337,24.025],[87.4402,23.9824],[87.639,24.2546]]]},"properties":{"st_nm":"Jharkhand","st_code":"20","year":"2011_c"},"id":"Jharkhand"},
{"type":"Feature","geometry":{"type":"Polygon","coordinates":[[[75.3841,34.3618],[75.4972,34.234],[75.5951,34.1982],[75.8642,33.9783],[76.0217,33.9975],[76.7726,33.251],[76.9331,33.0283],[77.2741,32.8743],[77.7406,32.9692],[78.0158,32.62],[78.3874,32.7575],[78.3981,32.5251],[78.7605,32.6544],[78.8569,32.4399],[79.1138,32.3835],[79.3187,32.5925],[79.626,32.7396],[79.3753,33.0847],[79.4532,33.2579],[78.9884,33.3335],[78.9134,33.5741],[79.1061,33.6167],[78.9043,33.9755],[79.3538,34.036],[79.5909,34.2821],[79.5068,34.4745],[80.068,34.7138],[80.1811,35.166],[80.3264,35.4699],[80.2897,35.6073],[79.8692,35.7819],[79.2147,35.9785],[78.6642,35.8576],[77.9653,35.5716],[77.6121,35.4685],[77.4301,35.6541],[76.9347,35.7833],[76.8001,36.0473],[76.3505,36.3593],[75.748,36.5875],[75.4728,36.8103],[75.3428,37.0522],[74.9207,36.9051],[74.7082,37.077],[73.7004,36.6838],[73.4405,36.7443],[73.1255,36.6865],[72.9909,36.4569],[72.5948,36.2617],[72.5337,35.9167],[72.6896,35.8328],[73.0888,35.8823],[73.1362,35.7187],[73.4068,35.5634],[73.7845,35.5249],[73.7952,35.2444],[74.147,35.0973],[74.4864,35.1097],[74.5675,34.8732],[74.3198,34.7866],[74.6011,34.7371],[75.2388,34.6285],[75.3749,34.3879],[75.3841,34.3618]]]},"properties":{"st_nm":"Ladakh","st_code":"38","year":"2011_c"},"id":"Ladakh"},
{"type":"Feature","geometry":{"type":"Polygon","coordinates":[[[75.3749,34.3879],[75.2388,34.6285],[74.6011,34.7371],[74.3198,34.7866],[74.5675,34.8732],[74.4864,35.1097],[74.147,35.0973],[73.9635,34.8416],[73.7494,34.7866],[73.39,34.3742],[73.4879,34.1446],[73.598,33.7129],[73.5643,33.3418],[73.6882,33.0874],[74.3825,32.7575],[74.4467,32.7891],[74.6592,32.7877],[74.6806,32.4922],[74.8886,32.521],[75.2052,32.4179],[75.3413,32.3464],[75.5125,32.3079],[75.8367,32.5114],[75.9239,32.7479],[75.8015,32.8853],[76.2221,33.0214],[76.4102,33.1864],[76.7481,33.1795],[76.7726,33.251],[76.0217,33.9975],[75.8642,33.9783],[75.5951,34.1982],[75.4972,34.234],[75.3841,34.3618],[75.3749,34.3879]]]},"properties":{"st_nm":"Jammu and Kashmir","st_code":"01","year":"2011_c"},"id":"Jammu and Kashmir"},
{"type":"Feature","geometry":{"type":"Polygon","coordinates":[[[78.3109,31.2837],[78.4837,31.1985],[78.8813,31.2837],[78.7498,31.3662],[78.8462,31.6082],[78.7055,31.7745],[78.6734,32.0784],[78.4822,32.2791],[78.3981,32.5251],[78.3874,32.7575],[78.0158,32.62],[77.7406,32.9692],[77.2741,32.8743],[76.9331,33.0283],[76.7726,33.251],[76.7481,33.1795],[76.4102,33.1864],[76.2221,33.0214],[75.8015,32.8853],[75.9239,32.7479],[75.8367,32.5114],[75.9315,32.3945],[75.6379,32.2516],[75.6012,32.0935],[75.5982,32.0825],[75.9606,31.857],[76.0172,31.6316],[76.2894,31.3071],[76.3918,31.413],[76.6457,31.2095],[76.7328,30.9373],[76.7772,30.9043],[77.0249,30.749],[77.1228,30.5634],[77.2084,30.4878],[77.58,30.3792],[77.5754,30.4012],[77.8155,30.5056],[77.7039,30.7641],[77.8292,31.0294],[77.9669,31.1738],[78.3109,31.2837]]]},"properties":{"st_nm":"Himachal Pradesh","st_code":"02","year":"2011_c"},"id":"Himachal Pradesh"},
{"type":"Feature","geometry":{"type":"Polygon","coordinates":[[[75.8367,32.5114],[75.5125,32.3079],[75.3413,32.3464],[75.3795,32.1828],[74.9131,32.044],[74.5033,31.7402],[74.6118,31.4996],[74.5109,31.1325],[74.7082,31.072],[74.3656,30.8933],[74.2158,30.6912],[73.8794,30.3599],[73.968,30.1936],[73.8946,29.9736],[74.2984,29.9544],[74.4482,29.9475],[74.5262,29.9406],[74.7051,29.975],[75.1914,29.8444],[75.303,29.5598],[75.4605,29.8073],[75.7205,29.8141],[75.9468,29.7289],[76.0982,29.81],[76.2144,29.8403],[76.2542,30.0891],[76.4667,30.0987],[76.6426,30.1496],[76.7481,30.4286],[76.9071,30.4589],[76.8276,30.6816],[76.7389,30.6926],[76.7099,30.7613],[76.8383,30.7545],[76.7772,30.9043],[76.7328,30.9373],[76.6457,31.2095],[76.3918,31.413],[76.2894,31.3071],[76.0172,31.6316],[75.9606,31.857],[75.5982,32.0825],[75.6012,32.0935],[75.6379,32.2516],[75.9315,32.3945],[75.8367,32.5114]]]},"properties":{"st_nm":"Punjab","st_code":"03"},"id":"Punjab"},
{"type":"Feature","geometry":{"type":"Polygon","coordinates":[[[80.1016,30.7888],[79.4074,31.0734],[79.0725,31.4556],[78.8813,31.2837],[78.4837,31.1985],[78.3109,31.2837],[77.9669,31.1738],[77.8292,31.0294],[77.7039,30.7641],[77.8155,30.5056],[77.5754,30.4012],[77.9592,30.2417],[77.7161,29.8856],[77.8201,29.6739],[78.0204,29.5818],[78.3354,29.7976],[78.6168,29.5584],[78.9257,29.4388],[78.8507,29.3481],[78.7605,29.2642],[78.9746,29.1309],[79.4227,28.8972],[79.6826,28.8546],[80.0649,28.8367],[80.0741,28.9412],[80.3188,29.3013],[80.2423,29.4443],[80.3662,29.7399],[80.9289,30.1743],[80.6078,30.4713],[80.2132,30.584],[80.1016,30.7888]]]},"properties":{"st_nm":"Uttarakhand","st_code":"05","year":"2011_c"},"id":"Uttarakhand"},
{"type":"Feature","geometry":{"type":"Polygon","coordinates":[[[76.8276,30.6816],[76.8383,30.7545],[76.7099,30.7613],[76.7389,30.6926],[76.8276,30.6816]]]},"properties":{"district":"Chandigarh","dt_code":"055","st_nm":"Chandigarh","st_code":"04","year":"2011_c"},"id":"Chandigarh"},
{"type":"Feature","geometry":{"type":"Polygon","coordinates":[[[71.6796,23.9713],[71.6885,23.9707],[71.6978,23.9302],[71.7173,23.9276],[71.7143,23.8699],[71.7616,23.8414],[71.7665,23.8268],[71.7788,23.8447],[71.8152,23.855],[71.828,23.8444],[71.8613,23.847],[71.9382,23.9276],[71.9292,23.9521],[71.9255,24.0092],[71.9611,23.9909],[72.1572,24.0944],[72.149,24.1295],[72.1771,24.1182],[72.2037,24.1491],[72.2236,24.1308],[72.2063,24.1139],[72.2258,24.0722],[72.2558,24.0814],[72.2704,24.0556],[72.3094,24.0383],[72.3398,24.0377],[72.3702,23.9717],[72.5843,23.9359],[72.6522,24.0838],[72.6702,24.0712],[72.6859,24.0728],[72.7144,24.0984],[72.7298,24.094],[72.7347,24.0765],[72.7591,24.0801],[72.7703,24.0993],[72.7827,24.102],[72.8198,24.0486],[72.8206,24.0476],[72.8667,24.0247],[72.8986,24.0254],[72.9233,24.0407],[72.9567,24.159],[72.9919,24.1839],[72.9916,24.2234],[73.0141,24.2346],[73.0279,24.2738],[73.0013,24.289],[72.9968,24.3079],[72.9672,24.3132],[72.9593,24.361],[72.9106,24.3371],[72.8911,24.357],[72.8536,24.3712],[72.8059,24.3629],[72.7249,24.3673],[72.6893,24.4117],[72.6833,24.4637],[72.5761,24.4787],[72.5202,24.5002],[72.5003,24.417],[72.4572,24.4147],[72.4302,24.48],[72.3886,24.5075],[72.3537,24.5636],[72.3308,24.5692],[72.3289,24.5523],[72.2948,24.5466],[72.2464,24.5854],[72.0897,24.6587],[71.8512,24.6097],[72.052,24.2828],[71.684,24.0637],[71.6796,23.9713]]]},"properties":{"dt_code":"469","district":"Banaskantha","st_nm":"Gujarat","st_code":"24","year":"2011_c"}},
{"type":"Feature","geometry":{"type":"Polygon","coordinates":[[[71.8512,24.6097],[71.8058,24.6266],[71.8103,24.6561],[71.7916,24.6773],[71.708,24.6617],[71.6555,24.6392],[71.6078,24.6769],[71.4777,24.6796],[71.3772,24.6259],[71.348,24.661],[71.3139,24.6481],[71.288,24.6159],[71.2974,24.5642],[71.2602,24.5334],[71.2925,24.5191],[71.3484,24.5175],[71.3315,24.4793],[71.3311,24.4608],[71.3206,24.4455],[71.3191,24.4024],[71.2947,24.3009],[71.3019,24.1212],[71.3326,24.1163],[71.3337,24.1163],[71.3165,24.0957],[71.3217,24.0523],[71.2917,24.0198],[71.285,23.9916],[71.3094,23.9932],[71.3191,23.9836],[71.3356,23.97],[71.3952,23.9657],[71.4162,23.9249],[71.4447,23.9412],[71.4545,23.9647],[71.4425,23.981],[71.6796,23.9713],[71.684,24.0637],[72.052,24.2828],[71.8512,24.6097]]]},"properties":{"dt_code":"746","district":"Vav-Tharad","st_nm":"Gujarat","st_code":"24","year":"update2025"}}
]}